"Benchmark","Mode","Threads","Samples","Score","Score Error (99,9%)","Unit","Param: iterations","Param: lowerUpperId"
"com.database.benchmark.DatabaseBenchmarkApplicationTests.findOrdersLineBetweenIdsWithOrdersAndPizzaJDBC","thrpt",1,2,"0,119490",NaN,"ops/ms",2,100-250
"com.database.benchmark.DatabaseBenchmarkApplicationTests.findOrdersLineBetweenIdsWithOrdersAndPizzaJDBC","thrpt",1,2,"0,092543",NaN,"ops/ms",2,1000-1500
"com.database.benchmark.DatabaseBenchmarkApplicationTests.findOrdersLineBetweenIdsWithOrdersAndPizzaJDBC","thrpt",1,2,"0,073424",NaN,"ops/ms",2,10000-11000
"com.database.benchmark.DatabaseBenchmarkApplicationTests.findOrdersLineBetweenIdsWithOrdersAndPizzaJDBC","thrpt",1,2,"0,050520",NaN,"ops/ms",2,100000-102000
"com.database.benchmark.DatabaseBenchmarkApplicationTests.findOrdersLineBetweenIdsWithOrdersAndPizzaJDBC","thrpt",1,2,"0,048612",NaN,"ops/ms",5,100-250
"com.database.benchmark.DatabaseBenchmarkApplicationTests.findOrdersLineBetweenIdsWithOrdersAndPizzaJDBC","thrpt",1,2,"0,037878",NaN,"ops/ms",5,1000-1500
"com.database.benchmark.DatabaseBenchmarkApplicationTests.findOrdersLineBetweenIdsWithOrdersAndPizzaJDBC","thrpt",1,2,"0,029546",NaN,"ops/ms",5,10000-11000
"com.database.benchmark.DatabaseBenchmarkApplicationTests.findOrdersLineBetweenIdsWithOrdersAndPizzaJDBC","thrpt",1,2,"0,020132",NaN,"ops/ms",5,100000-102000
"com.database.benchmark.DatabaseBenchmarkApplicationTests.findOrdersLineBetweenIdsWithOrdersAndPizzaJOOQ","thrpt",1,2,"0,013801",NaN,"ops/ms",2,100-250
"com.database.benchmark.DatabaseBenchmarkApplicationTests.findOrdersLineBetweenIdsWithOrdersAndPizzaJOOQ","thrpt",1,2,"0,009189",NaN,"ops/ms",2,1000-1500
"com.database.benchmark.DatabaseBenchmarkApplicationTests.findOrdersLineBetweenIdsWithOrdersAndPizzaJOOQ","thrpt",1,2,"0,006546",NaN,"ops/ms",2,10000-11000
"com.database.benchmark.DatabaseBenchmarkApplicationTests.findOrdersLineBetweenIdsWithOrdersAndPizzaJOOQ","thrpt",1,2,"0,024783",NaN,"ops/ms",2,100000-102000
"com.database.benchmark.DatabaseBenchmarkApplicationTests.findOrdersLineBetweenIdsWithOrdersAndPizzaJOOQ","thrpt",1,2,"0,005581",NaN,"ops/ms",5,100-250
"com.database.benchmark.DatabaseBenchmarkApplicationTests.findOrdersLineBetweenIdsWithOrdersAndPizzaJOOQ","thrpt",1,2,"0,003699",NaN,"ops/ms",5,1000-1500
"com.database.benchmark.DatabaseBenchmarkApplicationTests.findOrdersLineBetweenIdsWithOrdersAndPizzaJOOQ","thrpt",1,2,"0,002543",NaN,"ops/ms",5,10000-11000
"com.database.benchmark.DatabaseBenchmarkApplicationTests.findOrdersLineBetweenIdsWithOrdersAndPizzaJOOQ","thrpt",1,2,"0,010224",NaN,"ops/ms",5,100000-102000
"com.database.benchmark.DatabaseBenchmarkApplicationTests.findOrdersLineBetweenIdsWithOrdersAndPizzaJPA","thrpt",1,2,"0,127355",NaN,"ops/ms",2,100-250
"com.database.benchmark.DatabaseBenchmarkApplicationTests.findOrdersLineBetweenIdsWithOrdersAndPizzaJPA","thrpt",1,2,"0,068169",NaN,"ops/ms",2,1000-1500
"com.database.benchmark.DatabaseBenchmarkApplicationTests.findOrdersLineBetweenIdsWithOrdersAndPizzaJPA","thrpt",1,2,"0,041755",NaN,"ops/ms",2,10000-11000
"com.database.benchmark.DatabaseBenchmarkApplicationTests.findOrdersLineBetweenIdsWithOrdersAndPizzaJPA","thrpt",1,2,"0,023195",NaN,"ops/ms",2,100000-102000
"com.database.benchmark.DatabaseBenchmarkApplicationTests.findOrdersLineBetweenIdsWithOrdersAndPizzaJPA","thrpt",1,2,"0,051417",NaN,"ops/ms",5,100-250
"com.database.benchmark.DatabaseBenchmarkApplicationTests.findOrdersLineBetweenIdsWithOrdersAndPizzaJPA","thrpt",1,2,"0,027396",NaN,"ops/ms",5,1000-1500
"com.database.benchmark.DatabaseBenchmarkApplicationTests.findOrdersLineBetweenIdsWithOrdersAndPizzaJPA","thrpt",1,2,"0,016750",NaN,"ops/ms",5,10000-11000
"com.database.benchmark.DatabaseBenchmarkApplicationTests.findOrdersLineBetweenIdsWithOrdersAndPizzaJPA","thrpt",1,2,"0,009231",NaN,"ops/ms",5,100000-102000
"com.database.benchmark.DatabaseBenchmarkApplicationTests.findOrdersLineBetweenIdsWithOrdersAndPizzaR2DBC","thrpt",1,2,"0,058635",NaN,"ops/ms",2,100-250
"com.database.benchmark.DatabaseBenchmarkApplicationTests.findOrdersLineBetweenIdsWithOrdersAndPizzaR2DBC","thrpt",1,2,"0,038303",NaN,"ops/ms",2,1000-1500
"com.database.benchmark.DatabaseBenchmarkApplicationTests.findOrdersLineBetweenIdsWithOrdersAndPizzaR2DBC","thrpt",1,2,"0,025214",NaN,"ops/ms",2,10000-11000
"com.database.benchmark.DatabaseBenchmarkApplicationTests.findOrdersLineBetweenIdsWithOrdersAndPizzaR2DBC","thrpt",1,2,"0,016000",NaN,"ops/ms",2,100000-102000
"com.database.benchmark.DatabaseBenchmarkApplicationTests.findOrdersLineBetweenIdsWithOrdersAndPizzaR2DBC","thrpt",1,2,"0,023737",NaN,"ops/ms",5,100-250
"com.database.benchmark.DatabaseBenchmarkApplicationTests.findOrdersLineBetweenIdsWithOrdersAndPizzaR2DBC","thrpt",1,2,"0,015414",NaN,"ops/ms",5,1000-1500
"com.database.benchmark.DatabaseBenchmarkApplicationTests.findOrdersLineBetweenIdsWithOrdersAndPizzaR2DBC","thrpt",1,2,"0,010234",NaN,"ops/ms",5,10000-11000
"com.database.benchmark.DatabaseBenchmarkApplicationTests.findOrdersLineBetweenIdsWithOrdersAndPizzaR2DBC","thrpt",1,2,"0,006421",NaN,"ops/ms",5,100000-102000
"com.database.benchmark.DatabaseBenchmarkApplicationTests.findOrdersLineBetweenIdsWithOrdersAndPizzaJDBC","avgt",1,2,"8,277728",NaN,"ms/op",2,100-250
"com.database.benchmark.DatabaseBenchmarkApplicationTests.findOrdersLineBetweenIdsWithOrdersAndPizzaJDBC","avgt",1,2,"10,619607",NaN,"ms/op",2,1000-1500
"com.database.benchmark.DatabaseBenchmarkApplicationTests.findOrdersLineBetweenIdsWithOrdersAndPizzaJDBC","avgt",1,2,"13,490613",NaN,"ms/op",2,10000-11000
"com.database.benchmark.DatabaseBenchmarkApplicationTests.findOrdersLineBetweenIdsWithOrdersAndPizzaJDBC","avgt",1,2,"19,792037",NaN,"ms/op",2,100000-102000
"com.database.benchmark.DatabaseBenchmarkApplicationTests.findOrdersLineBetweenIdsWithOrdersAndPizzaJDBC","avgt",1,2,"20,629237",NaN,"ms/op",5,100-250
"com.database.benchmark.DatabaseBenchmarkApplicationTests.findOrdersLineBetweenIdsWithOrdersAndPizzaJDBC","avgt",1,2,"26,470961",NaN,"ms/op",5,1000-1500
"com.database.benchmark.DatabaseBenchmarkApplicationTests.findOrdersLineBetweenIdsWithOrdersAndPizzaJDBC","avgt",1,2,"33,682529",NaN,"ms/op",5,10000-11000
"com.database.benchmark.DatabaseBenchmarkApplicationTests.findOrdersLineBetweenIdsWithOrdersAndPizzaJDBC","avgt",1,2,"49,058644",NaN,"ms/op",5,100000-102000
"com.database.benchmark.DatabaseBenchmarkApplicationTests.findOrdersLineBetweenIdsWithOrdersAndPizzaJOOQ","avgt",1,2,"71,351095",NaN,"ms/op",2,100-250
"com.database.benchmark.DatabaseBenchmarkApplicationTests.findOrdersLineBetweenIdsWithOrdersAndPizzaJOOQ","avgt",1,2,"107,296301",NaN,"ms/op",2,1000-1500
"com.database.benchmark.DatabaseBenchmarkApplicationTests.findOrdersLineBetweenIdsWithOrdersAndPizzaJOOQ","avgt",1,2,"150,640027",NaN,"ms/op",2,10000-11000
"com.database.benchmark.DatabaseBenchmarkApplicationTests.findOrdersLineBetweenIdsWithOrdersAndPizzaJOOQ","avgt",1,2,"39,065550",NaN,"ms/op",2,100000-102000
"com.database.benchmark.DatabaseBenchmarkApplicationTests.findOrdersLineBetweenIdsWithOrdersAndPizzaJOOQ","avgt",1,2,"178,266749",NaN,"ms/op",5,100-250
"com.database.benchmark.DatabaseBenchmarkApplicationTests.findOrdersLineBetweenIdsWithOrdersAndPizzaJOOQ","avgt",1,2,"268,372339",NaN,"ms/op",5,1000-1500
"com.database.benchmark.DatabaseBenchmarkApplicationTests.findOrdersLineBetweenIdsWithOrdersAndPizzaJOOQ","avgt",1,2,"375,774047",NaN,"ms/op",5,10000-11000
"com.database.benchmark.DatabaseBenchmarkApplicationTests.findOrdersLineBetweenIdsWithOrdersAndPizzaJOOQ","avgt",1,2,"97,486283",NaN,"ms/op",5,100000-102000
"com.database.benchmark.DatabaseBenchmarkApplicationTests.findOrdersLineBetweenIdsWithOrdersAndPizzaJPA","avgt",1,2,"7,814547",NaN,"ms/op",2,100-250
"com.database.benchmark.DatabaseBenchmarkApplicationTests.findOrdersLineBetweenIdsWithOrdersAndPizzaJPA","avgt",1,2,"14,706182",NaN,"ms/op",2,1000-1500
"com.database.benchmark.DatabaseBenchmarkApplicationTests.findOrdersLineBetweenIdsWithOrdersAndPizzaJPA","avgt",1,2,"24,187476",NaN,"ms/op",2,10000-11000
"com.database.benchmark.DatabaseBenchmarkApplicationTests.findOrdersLineBetweenIdsWithOrdersAndPizzaJPA","avgt",1,2,"43,702646",NaN,"ms/op",2,100000-102000
"com.database.benchmark.DatabaseBenchmarkApplicationTests.findOrdersLineBetweenIdsWithOrdersAndPizzaJPA","avgt",1,2,"19,331924",NaN,"ms/op",5,100-250
"com.database.benchmark.DatabaseBenchmarkApplicationTests.findOrdersLineBetweenIdsWithOrdersAndPizzaJPA","avgt",1,2,"36,652599",NaN,"ms/op",5,1000-1500
"com.database.benchmark.DatabaseBenchmarkApplicationTests.findOrdersLineBetweenIdsWithOrdersAndPizzaJPA","avgt",1,2,"59,828347",NaN,"ms/op",5,10000-11000
"com.database.benchmark.DatabaseBenchmarkApplicationTests.findOrdersLineBetweenIdsWithOrdersAndPizzaJPA","avgt",1,2,"107,552000",NaN,"ms/op",5,100000-102000
"com.database.benchmark.DatabaseBenchmarkApplicationTests.findOrdersLineBetweenIdsWithOrdersAndPizzaR2DBC","avgt",1,2,"16,911269",NaN,"ms/op",2,100-250
"com.database.benchmark.DatabaseBenchmarkApplicationTests.findOrdersLineBetweenIdsWithOrdersAndPizzaR2DBC","avgt",1,2,"25,486816",NaN,"ms/op",2,1000-1500
"com.database.benchmark.DatabaseBenchmarkApplicationTests.findOrdersLineBetweenIdsWithOrdersAndPizzaR2DBC","avgt",1,2,"39,597323",NaN,"ms/op",2,10000-11000
"com.database.benchmark.DatabaseBenchmarkApplicationTests.findOrdersLineBetweenIdsWithOrdersAndPizzaR2DBC","avgt",1,2,"62,071113",NaN,"ms/op",2,100000-102000
"com.database.benchmark.DatabaseBenchmarkApplicationTests.findOrdersLineBetweenIdsWithOrdersAndPizzaR2DBC","avgt",1,2,"41,198640",NaN,"ms/op",5,100-250
"com.database.benchmark.DatabaseBenchmarkApplicationTests.findOrdersLineBetweenIdsWithOrdersAndPizzaR2DBC","avgt",1,2,"64,821012",NaN,"ms/op",5,1000-1500
"com.database.benchmark.DatabaseBenchmarkApplicationTests.findOrdersLineBetweenIdsWithOrdersAndPizzaR2DBC","avgt",1,2,"97,825907",NaN,"ms/op",5,10000-11000
"com.database.benchmark.DatabaseBenchmarkApplicationTests.findOrdersLineBetweenIdsWithOrdersAndPizzaR2DBC","avgt",1,2,"155,123299",NaN,"ms/op",5,100000-102000
"com.database.benchmark.DatabaseBenchmarkApplicationTests.findOrdersLineBetweenIdsWithOrdersAndPizzaJDBC","sample",1,2790,"7,164867","0,042058","ms/op",2,100-250
"com.database.benchmark.DatabaseBenchmarkApplicationTests.findOrdersLineBetweenIdsWithOrdersAndPizzaJDBC:findOrdersLineBetweenIdsWithOrdersAndPizzaJDBC·p0.00","sample",1,1,"6,324224",NaN,"ms/op",2,100-250
"com.database.benchmark.DatabaseBenchmarkApplicationTests.findOrdersLineBetweenIdsWithOrdersAndPizzaJDBC:findOrdersLineBetweenIdsWithOrdersAndPizzaJDBC·p0.50","sample",1,1,"7,004160",NaN,"ms/op",2,100-250
"com.database.benchmark.DatabaseBenchmarkApplicationTests.findOrdersLineBetweenIdsWithOrdersAndPizzaJDBC:findOrdersLineBetweenIdsWithOrdersAndPizzaJDBC·p0.90","sample",1,1,"7,397376",NaN,"ms/op",2,100-250
"com.database.benchmark.DatabaseBenchmarkApplicationTests.findOrdersLineBetweenIdsWithOrdersAndPizzaJDBC:findOrdersLineBetweenIdsWithOrdersAndPizzaJDBC·p0.95","sample",1,1,"7,785267",NaN,"ms/op",2,100-250
"com.database.benchmark.DatabaseBenchmarkApplicationTests.findOrdersLineBetweenIdsWithOrdersAndPizzaJDBC:findOrdersLineBetweenIdsWithOrdersAndPizzaJDBC·p0.99","sample",1,1,"11,111301",NaN,"ms/op",2,100-250
"com.database.benchmark.DatabaseBenchmarkApplicationTests.findOrdersLineBetweenIdsWithOrdersAndPizzaJDBC:findOrdersLineBetweenIdsWithOrdersAndPizzaJDBC·p0.999","sample",1,1,"12,742377",NaN,"ms/op",2,100-250
"com.database.benchmark.DatabaseBenchmarkApplicationTests.findOrdersLineBetweenIdsWithOrdersAndPizzaJDBC:findOrdersLineBetweenIdsWithOrdersAndPizzaJDBC·p0.9999","sample",1,1,"13,336576",NaN,"ms/op",2,100-250
"com.database.benchmark.DatabaseBenchmarkApplicationTests.findOrdersLineBetweenIdsWithOrdersAndPizzaJDBC:findOrdersLineBetweenIdsWithOrdersAndPizzaJDBC·p1.00","sample",1,1,"13,336576",NaN,"ms/op",2,100-250
"com.database.benchmark.DatabaseBenchmarkApplicationTests.findOrdersLineBetweenIdsWithOrdersAndPizzaJDBC","sample",1,2124,"9,412458","0,057850","ms/op",2,1000-1500
"com.database.benchmark.DatabaseBenchmarkApplicationTests.findOrdersLineBetweenIdsWithOrdersAndPizzaJDBC:findOrdersLineBetweenIdsWithOrdersAndPizzaJDBC·p0.00","sample",1,1,"7,880704",NaN,"ms/op",2,1000-1500
"com.database.benchmark.DatabaseBenchmarkApplicationTests.findOrdersLineBetweenIdsWithOrdersAndPizzaJDBC:findOrdersLineBetweenIdsWithOrdersAndPizzaJDBC·p0.50","sample",1,1,"9,306112",NaN,"ms/op",2,1000-1500
"com.database.benchmark.DatabaseBenchmarkApplicationTests.findOrdersLineBetweenIdsWithOrdersAndPizzaJDBC:findOrdersLineBetweenIdsWithOrdersAndPizzaJDBC·p0.90","sample",1,1,"9,994240",NaN,"ms/op",2,1000-1500
"com.database.benchmark.DatabaseBenchmarkApplicationTests.findOrdersLineBetweenIdsWithOrdersAndPizzaJDBC:findOrdersLineBetweenIdsWithOrdersAndPizzaJDBC·p0.95","sample",1,1,"10,469376",NaN,"ms/op",2,1000-1500
"com.database.benchmark.DatabaseBenchmarkApplicationTests.findOrdersLineBetweenIdsWithOrdersAndPizzaJDBC:findOrdersLineBetweenIdsWithOrdersAndPizzaJDBC·p0.99","sample",1,1,"13,467648",NaN,"ms/op",2,1000-1500
"com.database.benchmark.DatabaseBenchmarkApplicationTests.findOrdersLineBetweenIdsWithOrdersAndPizzaJDBC:findOrdersLineBetweenIdsWithOrdersAndPizzaJDBC·p0.999","sample",1,1,"15,085568",NaN,"ms/op",2,1000-1500
"com.database.benchmark.DatabaseBenchmarkApplicationTests.findOrdersLineBetweenIdsWithOrdersAndPizzaJDBC:findOrdersLineBetweenIdsWithOrdersAndPizzaJDBC·p0.9999","sample",1,1,"15,499264",NaN,"ms/op",2,1000-1500
"com.database.benchmark.DatabaseBenchmarkApplicationTests.findOrdersLineBetweenIdsWithOrdersAndPizzaJDBC:findOrdersLineBetweenIdsWithOrdersAndPizzaJDBC·p1.00","sample",1,1,"15,499264",NaN,"ms/op",2,1000-1500
"com.database.benchmark.DatabaseBenchmarkApplicationTests.findOrdersLineBetweenIdsWithOrdersAndPizzaJDBC","sample",1,1605,"12,456056","0,076179","ms/op",2,10000-11000
"com.database.benchmark.DatabaseBenchmarkApplicationTests.findOrdersLineBetweenIdsWithOrdersAndPizzaJDBC:findOrdersLineBetweenIdsWithOrdersAndPizzaJDBC·p0.00","sample",1,1,"10,715136",NaN,"ms/op",2,10000-11000
"com.database.benchmark.DatabaseBenchmarkApplicationTests.findOrdersLineBetweenIdsWithOrdersAndPizzaJDBC:findOrdersLineBetweenIdsWithOrdersAndPizzaJDBC·p0.50","sample",1,1,"12,337152",NaN,"ms/op",2,10000-11000
"com.database.benchmark.DatabaseBenchmarkApplicationTests.findOrdersLineBetweenIdsWithOrdersAndPizzaJDBC:findOrdersLineBetweenIdsWithOrdersAndPizzaJDBC·p0.90","sample",1,1,"13,352960",NaN,"ms/op",2,10000-11000
"com.database.benchmark.DatabaseBenchmarkApplicationTests.findOrdersLineBetweenIdsWithOrdersAndPizzaJDBC:findOrdersLineBetweenIdsWithOrdersAndPizzaJDBC·p0.95","sample",1,1,"14,052557",NaN,"ms/op",2,10000-11000
"com.database.benchmark.DatabaseBenchmarkApplicationTests.findOrdersLineBetweenIdsWithOrdersAndPizzaJDBC:findOrdersLineBetweenIdsWithOrdersAndPizzaJDBC·p0.99","sample",1,1,"16,129393",NaN,"ms/op",2,10000-11000
"com.database.benchmark.DatabaseBenchmarkApplicationTests.findOrdersLineBetweenIdsWithOrdersAndPizzaJDBC:findOrdersLineBetweenIdsWithOrdersAndPizzaJDBC·p0.999","sample",1,1,"20,959855",NaN,"ms/op",2,10000-11000
"com.database.benchmark.DatabaseBenchmarkApplicationTests.findOrdersLineBetweenIdsWithOrdersAndPizzaJDBC:findOrdersLineBetweenIdsWithOrdersAndPizzaJDBC·p0.9999","sample",1,1,"23,461888",NaN,"ms/op",2,10000-11000
"com.database.benchmark.DatabaseBenchmarkApplicationTests.findOrdersLineBetweenIdsWithOrdersAndPizzaJDBC:findOrdersLineBetweenIdsWithOrdersAndPizzaJDBC·p1.00","sample",1,1,"23,461888",NaN,"ms/op",2,10000-11000
"com.database.benchmark.DatabaseBenchmarkApplicationTests.findOrdersLineBetweenIdsWithOrdersAndPizzaJDBC","sample",1,1091,"18,327584","0,131307","ms/op",2,100000-102000
"com.database.benchmark.DatabaseBenchmarkApplicationTests.findOrdersLineBetweenIdsWithOrdersAndPizzaJDBC:findOrdersLineBetweenIdsWithOrdersAndPizzaJDBC·p0.00","sample",1,1,"15,417344",NaN,"ms/op",2,100000-102000
"com.database.benchmark.DatabaseBenchmarkApplicationTests.findOrdersLineBetweenIdsWithOrdersAndPizzaJDBC:findOrdersLineBetweenIdsWithOrdersAndPizzaJDBC·p0.50","sample",1,1,"17,989632",NaN,"ms/op",2,100000-102000
"com.database.benchmark.DatabaseBenchmarkApplicationTests.findOrdersLineBetweenIdsWithOrdersAndPizzaJDBC:findOrdersLineBetweenIdsWithOrdersAndPizzaJDBC·p0.90","sample",1,1,"19,890176",NaN,"ms/op",2,100000-102000
"com.database.benchmark.DatabaseBenchmarkApplicationTests.findOrdersLineBetweenIdsWithOrdersAndPizzaJDBC:findOrdersLineBetweenIdsWithOrdersAndPizzaJDBC·p0.95","sample",1,1,"20,919091",NaN,"ms/op",2,100000-102000
"com.database.benchmark.DatabaseBenchmarkApplicationTests.findOrdersLineBetweenIdsWithOrdersAndPizzaJDBC:findOrdersLineBetweenIdsWithOrdersAndPizzaJDBC·p0.99","sample",1,1,"23,202365",NaN,"ms/op",2,100000-102000
"com.database.benchmark.DatabaseBenchmarkApplicationTests.findOrdersLineBetweenIdsWithOrdersAndPizzaJDBC:findOrdersLineBetweenIdsWithOrdersAndPizzaJDBC·p0.999","sample",1,1,"29,430383",NaN,"ms/op",2,100000-102000
"com.database.benchmark.DatabaseBenchmarkApplicationTests.findOrdersLineBetweenIdsWithOrdersAndPizzaJDBC:findOrdersLineBetweenIdsWithOrdersAndPizzaJDBC·p0.9999","sample",1,1,"29,786112",NaN,"ms/op",2,100000-102000
"com.database.benchmark.DatabaseBenchmarkApplicationTests.findOrdersLineBetweenIdsWithOrdersAndPizzaJDBC:findOrdersLineBetweenIdsWithOrdersAndPizzaJDBC·p1.00","sample",1,1,"29,786112",NaN,"ms/op",2,100000-102000
"com.database.benchmark.DatabaseBenchmarkApplicationTests.findOrdersLineBetweenIdsWithOrdersAndPizzaJDBC","sample",1,1124,"17,784686","0,117170","ms/op",5,100-250
"com.database.benchmark.DatabaseBenchmarkApplicationTests.findOrdersLineBetweenIdsWithOrdersAndPizzaJDBC:findOrdersLineBetweenIdsWithOrdersAndPizzaJDBC·p0.00","sample",1,1,"15,728640",NaN,"ms/op",5,100-250
"com.database.benchmark.DatabaseBenchmarkApplicationTests.findOrdersLineBetweenIdsWithOrdersAndPizzaJDBC:findOrdersLineBetweenIdsWithOrdersAndPizzaJDBC·p0.50","sample",1,1,"17,498112",NaN,"ms/op",5,100-250
"com.database.benchmark.DatabaseBenchmarkApplicationTests.findOrdersLineBetweenIdsWithOrdersAndPizzaJDBC:findOrdersLineBetweenIdsWithOrdersAndPizzaJDBC·p0.90","sample",1,1,"18,284544",NaN,"ms/op",5,100-250
"com.database.benchmark.DatabaseBenchmarkApplicationTests.findOrdersLineBetweenIdsWithOrdersAndPizzaJDBC:findOrdersLineBetweenIdsWithOrdersAndPizzaJDBC·p0.95","sample",1,1,"18,833408",NaN,"ms/op",5,100-250
"com.database.benchmark.DatabaseBenchmarkApplicationTests.findOrdersLineBetweenIdsWithOrdersAndPizzaJDBC:findOrdersLineBetweenIdsWithOrdersAndPizzaJDBC·p0.99","sample",1,1,"23,224320",NaN,"ms/op",5,100-250
"com.database.benchmark.DatabaseBenchmarkApplicationTests.findOrdersLineBetweenIdsWithOrdersAndPizzaJDBC:findOrdersLineBetweenIdsWithOrdersAndPizzaJDBC·p0.999","sample",1,1,"36,265984",NaN,"ms/op",5,100-250
"com.database.benchmark.DatabaseBenchmarkApplicationTests.findOrdersLineBetweenIdsWithOrdersAndPizzaJDBC:findOrdersLineBetweenIdsWithOrdersAndPizzaJDBC·p0.9999","sample",1,1,"37,879808",NaN,"ms/op",5,100-250
"com.database.benchmark.DatabaseBenchmarkApplicationTests.findOrdersLineBetweenIdsWithOrdersAndPizzaJDBC:findOrdersLineBetweenIdsWithOrdersAndPizzaJDBC·p1.00","sample",1,1,"37,879808",NaN,"ms/op",5,100-250
"com.database.benchmark.DatabaseBenchmarkApplicationTests.findOrdersLineBetweenIdsWithOrdersAndPizzaJDBC","sample",1,851,"23,511252","0,173711","ms/op",5,1000-1500
"com.database.benchmark.DatabaseBenchmarkApplicationTests.findOrdersLineBetweenIdsWithOrdersAndPizzaJDBC:findOrdersLineBetweenIdsWithOrdersAndPizzaJDBC·p0.00","sample",1,1,"19,890176",NaN,"ms/op",5,1000-1500
"com.database.benchmark.DatabaseBenchmarkApplicationTests.findOrdersLineBetweenIdsWithOrdersAndPizzaJDBC:findOrdersLineBetweenIdsWithOrdersAndPizzaJDBC·p0.50","sample",1,1,"23,298048",NaN,"ms/op",5,1000-1500
"com.database.benchmark.DatabaseBenchmarkApplicationTests.findOrdersLineBetweenIdsWithOrdersAndPizzaJDBC:findOrdersLineBetweenIdsWithOrdersAndPizzaJDBC·p0.90","sample",1,1,"25,067520",NaN,"ms/op",5,1000-1500
"com.database.benchmark.DatabaseBenchmarkApplicationTests.findOrdersLineBetweenIdsWithOrdersAndPizzaJDBC:findOrdersLineBetweenIdsWithOrdersAndPizzaJDBC·p0.95","sample",1,1,"26,509312",NaN,"ms/op",5,1000-1500
"com.database.benchmark.DatabaseBenchmarkApplicationTests.findOrdersLineBetweenIdsWithOrdersAndPizzaJDBC:findOrdersLineBetweenIdsWithOrdersAndPizzaJDBC·p0.99","sample",1,1,"29,079634",NaN,"ms/op",5,1000-1500
"com.database.benchmark.DatabaseBenchmarkApplicationTests.findOrdersLineBetweenIdsWithOrdersAndPizzaJDBC:findOrdersLineBetweenIdsWithOrdersAndPizzaJDBC·p0.999","sample",1,1,"34,013184",NaN,"ms/op",5,1000-1500
"com.database.benchmark.DatabaseBenchmarkApplicationTests.findOrdersLineBetweenIdsWithOrdersAndPizzaJDBC:findOrdersLineBetweenIdsWithOrdersAndPizzaJDBC·p0.9999","sample",1,1,"34,013184",NaN,"ms/op",5,1000-1500
"com.database.benchmark.DatabaseBenchmarkApplicationTests.findOrdersLineBetweenIdsWithOrdersAndPizzaJDBC:findOrdersLineBetweenIdsWithOrdersAndPizzaJDBC·p1.00","sample",1,1,"34,013184",NaN,"ms/op",5,1000-1500
"com.database.benchmark.DatabaseBenchmarkApplicationTests.findOrdersLineBetweenIdsWithOrdersAndPizzaJDBC","sample",1,637,"31,435006","0,234142","ms/op",5,10000-11000
"com.database.benchmark.DatabaseBenchmarkApplicationTests.findOrdersLineBetweenIdsWithOrdersAndPizzaJDBC:findOrdersLineBetweenIdsWithOrdersAndPizzaJDBC·p0.00","sample",1,1,"26,542080",NaN,"ms/op",5,10000-11000
"com.database.benchmark.DatabaseBenchmarkApplicationTests.findOrdersLineBetweenIdsWithOrdersAndPizzaJDBC:findOrdersLineBetweenIdsWithOrdersAndPizzaJDBC·p0.50","sample",1,1,"30,932992",NaN,"ms/op",5,10000-11000
"com.database.benchmark.DatabaseBenchmarkApplicationTests.findOrdersLineBetweenIdsWithOrdersAndPizzaJDBC:findOrdersLineBetweenIdsWithOrdersAndPizzaJDBC·p0.90","sample",1,1,"33,567539",NaN,"ms/op",5,10000-11000
"com.database.benchmark.DatabaseBenchmarkApplicationTests.findOrdersLineBetweenIdsWithOrdersAndPizzaJDBC:findOrdersLineBetweenIdsWithOrdersAndPizzaJDBC·p0.95","sample",1,1,"35,258368",NaN,"ms/op",5,10000-11000
"com.database.benchmark.DatabaseBenchmarkApplicationTests.findOrdersLineBetweenIdsWithOrdersAndPizzaJDBC:findOrdersLineBetweenIdsWithOrdersAndPizzaJDBC·p0.99","sample",1,1,"38,207488",NaN,"ms/op",5,10000-11000
"com.database.benchmark.DatabaseBenchmarkApplicationTests.findOrdersLineBetweenIdsWithOrdersAndPizzaJDBC:findOrdersLineBetweenIdsWithOrdersAndPizzaJDBC·p0.999","sample",1,1,"41,549824",NaN,"ms/op",5,10000-11000
"com.database.benchmark.DatabaseBenchmarkApplicationTests.findOrdersLineBetweenIdsWithOrdersAndPizzaJDBC:findOrdersLineBetweenIdsWithOrdersAndPizzaJDBC·p0.9999","sample",1,1,"41,549824",NaN,"ms/op",5,10000-11000
"com.database.benchmark.DatabaseBenchmarkApplicationTests.findOrdersLineBetweenIdsWithOrdersAndPizzaJDBC:findOrdersLineBetweenIdsWithOrdersAndPizzaJDBC·p1.00","sample",1,1,"41,549824",NaN,"ms/op",5,10000-11000
"com.database.benchmark.DatabaseBenchmarkApplicationTests.findOrdersLineBetweenIdsWithOrdersAndPizzaJDBC","sample",1,437,"45,908193","0,353289","ms/op",5,100000-102000
"com.database.benchmark.DatabaseBenchmarkApplicationTests.findOrdersLineBetweenIdsWithOrdersAndPizzaJDBC:findOrdersLineBetweenIdsWithOrdersAndPizzaJDBC·p0.00","sample",1,1,"42,205184",NaN,"ms/op",5,100000-102000
"com.database.benchmark.DatabaseBenchmarkApplicationTests.findOrdersLineBetweenIdsWithOrdersAndPizzaJDBC:findOrdersLineBetweenIdsWithOrdersAndPizzaJDBC·p0.50","sample",1,1,"45,219840",NaN,"ms/op",5,100000-102000
"com.database.benchmark.DatabaseBenchmarkApplicationTests.findOrdersLineBetweenIdsWithOrdersAndPizzaJDBC:findOrdersLineBetweenIdsWithOrdersAndPizzaJDBC·p0.90","sample",1,1,"48,693248",NaN,"ms/op",5,100000-102000
"com.database.benchmark.DatabaseBenchmarkApplicationTests.findOrdersLineBetweenIdsWithOrdersAndPizzaJDBC:findOrdersLineBetweenIdsWithOrdersAndPizzaJDBC·p0.95","sample",1,1,"50,233344",NaN,"ms/op",5,100000-102000
"com.database.benchmark.DatabaseBenchmarkApplicationTests.findOrdersLineBetweenIdsWithOrdersAndPizzaJDBC:findOrdersLineBetweenIdsWithOrdersAndPizzaJDBC·p0.99","sample",1,1,"54,073754",NaN,"ms/op",5,100000-102000
"com.database.benchmark.DatabaseBenchmarkApplicationTests.findOrdersLineBetweenIdsWithOrdersAndPizzaJDBC:findOrdersLineBetweenIdsWithOrdersAndPizzaJDBC·p0.999","sample",1,1,"55,836672",NaN,"ms/op",5,100000-102000
"com.database.benchmark.DatabaseBenchmarkApplicationTests.findOrdersLineBetweenIdsWithOrdersAndPizzaJDBC:findOrdersLineBetweenIdsWithOrdersAndPizzaJDBC·p0.9999","sample",1,1,"55,836672",NaN,"ms/op",5,100000-102000
"com.database.benchmark.DatabaseBenchmarkApplicationTests.findOrdersLineBetweenIdsWithOrdersAndPizzaJDBC:findOrdersLineBetweenIdsWithOrdersAndPizzaJDBC·p1.00","sample",1,1,"55,836672",NaN,"ms/op",5,100000-102000
"com.database.benchmark.DatabaseBenchmarkApplicationTests.findOrdersLineBetweenIdsWithOrdersAndPizzaJOOQ","sample",1,281,"71,361474","0,758232","ms/op",2,100-250
"com.database.benchmark.DatabaseBenchmarkApplicationTests.findOrdersLineBetweenIdsWithOrdersAndPizzaJOOQ:findOrdersLineBetweenIdsWithOrdersAndPizzaJOOQ·p0.00","sample",1,1,"62,324736",NaN,"ms/op",2,100-250
"com.database.benchmark.DatabaseBenchmarkApplicationTests.findOrdersLineBetweenIdsWithOrdersAndPizzaJOOQ:findOrdersLineBetweenIdsWithOrdersAndPizzaJOOQ·p0.50","sample",1,1,"71,434240",NaN,"ms/op",2,100-250
"com.database.benchmark.DatabaseBenchmarkApplicationTests.findOrdersLineBetweenIdsWithOrdersAndPizzaJOOQ:findOrdersLineBetweenIdsWithOrdersAndPizzaJOOQ·p0.90","sample",1,1,"75,890688",NaN,"ms/op",2,100-250
"com.database.benchmark.DatabaseBenchmarkApplicationTests.findOrdersLineBetweenIdsWithOrdersAndPizzaJOOQ:findOrdersLineBetweenIdsWithOrdersAndPizzaJOOQ·p0.95","sample",1,1,"76,808192",NaN,"ms/op",2,100-250
"com.database.benchmark.DatabaseBenchmarkApplicationTests.findOrdersLineBetweenIdsWithOrdersAndPizzaJOOQ:findOrdersLineBetweenIdsWithOrdersAndPizzaJOOQ·p0.99","sample",1,1,"84,669891",NaN,"ms/op",2,100-250
"com.database.benchmark.DatabaseBenchmarkApplicationTests.findOrdersLineBetweenIdsWithOrdersAndPizzaJOOQ:findOrdersLineBetweenIdsWithOrdersAndPizzaJOOQ·p0.999","sample",1,1,"86,900736",NaN,"ms/op",2,100-250
"com.database.benchmark.DatabaseBenchmarkApplicationTests.findOrdersLineBetweenIdsWithOrdersAndPizzaJOOQ:findOrdersLineBetweenIdsWithOrdersAndPizzaJOOQ·p0.9999","sample",1,1,"86,900736",NaN,"ms/op",2,100-250
"com.database.benchmark.DatabaseBenchmarkApplicationTests.findOrdersLineBetweenIdsWithOrdersAndPizzaJOOQ:findOrdersLineBetweenIdsWithOrdersAndPizzaJOOQ·p1.00","sample",1,1,"86,900736",NaN,"ms/op",2,100-250
"com.database.benchmark.DatabaseBenchmarkApplicationTests.findOrdersLineBetweenIdsWithOrdersAndPizzaJOOQ","sample",1,187,"107,500769","1,222158","ms/op",2,1000-1500
"com.database.benchmark.DatabaseBenchmarkApplicationTests.findOrdersLineBetweenIdsWithOrdersAndPizzaJOOQ:findOrdersLineBetweenIdsWithOrdersAndPizzaJOOQ·p0.00","sample",1,1,"93,978624",NaN,"ms/op",2,1000-1500
"com.database.benchmark.DatabaseBenchmarkApplicationTests.findOrdersLineBetweenIdsWithOrdersAndPizzaJOOQ:findOrdersLineBetweenIdsWithOrdersAndPizzaJOOQ·p0.50","sample",1,1,"107,479040",NaN,"ms/op",2,1000-1500
"com.database.benchmark.DatabaseBenchmarkApplicationTests.findOrdersLineBetweenIdsWithOrdersAndPizzaJOOQ:findOrdersLineBetweenIdsWithOrdersAndPizzaJOOQ·p0.90","sample",1,1,"113,691853",NaN,"ms/op",2,1000-1500
"com.database.benchmark.DatabaseBenchmarkApplicationTests.findOrdersLineBetweenIdsWithOrdersAndPizzaJOOQ:findOrdersLineBetweenIdsWithOrdersAndPizzaJOOQ·p0.95","sample",1,1,"115,500646",NaN,"ms/op",2,1000-1500
"com.database.benchmark.DatabaseBenchmarkApplicationTests.findOrdersLineBetweenIdsWithOrdersAndPizzaJOOQ:findOrdersLineBetweenIdsWithOrdersAndPizzaJOOQ·p0.99","sample",1,1,"119,537664",NaN,"ms/op",2,1000-1500
"com.database.benchmark.DatabaseBenchmarkApplicationTests.findOrdersLineBetweenIdsWithOrdersAndPizzaJOOQ:findOrdersLineBetweenIdsWithOrdersAndPizzaJOOQ·p0.999","sample",1,1,"119,537664",NaN,"ms/op",2,1000-1500
"com.database.benchmark.DatabaseBenchmarkApplicationTests.findOrdersLineBetweenIdsWithOrdersAndPizzaJOOQ:findOrdersLineBetweenIdsWithOrdersAndPizzaJOOQ·p0.9999","sample",1,1,"119,537664",NaN,"ms/op",2,1000-1500
"com.database.benchmark.DatabaseBenchmarkApplicationTests.findOrdersLineBetweenIdsWithOrdersAndPizzaJOOQ:findOrdersLineBetweenIdsWithOrdersAndPizzaJOOQ·p1.00","sample",1,1,"119,537664",NaN,"ms/op",2,1000-1500
"com.database.benchmark.DatabaseBenchmarkApplicationTests.findOrdersLineBetweenIdsWithOrdersAndPizzaJOOQ","sample",1,133,"150,892452","2,396781","ms/op",2,10000-11000
"com.database.benchmark.DatabaseBenchmarkApplicationTests.findOrdersLineBetweenIdsWithOrdersAndPizzaJOOQ:findOrdersLineBetweenIdsWithOrdersAndPizzaJOOQ·p0.00","sample",1,1,"133,431296",NaN,"ms/op",2,10000-11000
"com.database.benchmark.DatabaseBenchmarkApplicationTests.findOrdersLineBetweenIdsWithOrdersAndPizzaJOOQ:findOrdersLineBetweenIdsWithOrdersAndPizzaJOOQ·p0.50","sample",1,1,"150,470656",NaN,"ms/op",2,10000-11000
"com.database.benchmark.DatabaseBenchmarkApplicationTests.findOrdersLineBetweenIdsWithOrdersAndPizzaJOOQ:findOrdersLineBetweenIdsWithOrdersAndPizzaJOOQ·p0.90","sample",1,1,"160,851558",NaN,"ms/op",2,10000-11000
"com.database.benchmark.DatabaseBenchmarkApplicationTests.findOrdersLineBetweenIdsWithOrdersAndPizzaJOOQ:findOrdersLineBetweenIdsWithOrdersAndPizzaJOOQ·p0.95","sample",1,1,"163,132211",NaN,"ms/op",2,10000-11000
"com.database.benchmark.DatabaseBenchmarkApplicationTests.findOrdersLineBetweenIdsWithOrdersAndPizzaJOOQ:findOrdersLineBetweenIdsWithOrdersAndPizzaJOOQ·p0.99","sample",1,1,"187,443446",NaN,"ms/op",2,10000-11000
"com.database.benchmark.DatabaseBenchmarkApplicationTests.findOrdersLineBetweenIdsWithOrdersAndPizzaJOOQ:findOrdersLineBetweenIdsWithOrdersAndPizzaJOOQ·p0.999","sample",1,1,"195,821568",NaN,"ms/op",2,10000-11000
"com.database.benchmark.DatabaseBenchmarkApplicationTests.findOrdersLineBetweenIdsWithOrdersAndPizzaJOOQ:findOrdersLineBetweenIdsWithOrdersAndPizzaJOOQ·p0.9999","sample",1,1,"195,821568",NaN,"ms/op",2,10000-11000
"com.database.benchmark.DatabaseBenchmarkApplicationTests.findOrdersLineBetweenIdsWithOrdersAndPizzaJOOQ:findOrdersLineBetweenIdsWithOrdersAndPizzaJOOQ·p1.00","sample",1,1,"195,821568",NaN,"ms/op",2,10000-11000
"com.database.benchmark.DatabaseBenchmarkApplicationTests.findOrdersLineBetweenIdsWithOrdersAndPizzaJOOQ","sample",1,513,"39,032245","0,425091","ms/op",2,100000-102000
"com.database.benchmark.DatabaseBenchmarkApplicationTests.findOrdersLineBetweenIdsWithOrdersAndPizzaJOOQ:findOrdersLineBetweenIdsWithOrdersAndPizzaJOOQ·p0.00","sample",1,1,"34,537472",NaN,"ms/op",2,100000-102000
"com.database.benchmark.DatabaseBenchmarkApplicationTests.findOrdersLineBetweenIdsWithOrdersAndPizzaJOOQ:findOrdersLineBetweenIdsWithOrdersAndPizzaJOOQ·p0.50","sample",1,1,"38,993920",NaN,"ms/op",2,100000-102000
"com.database.benchmark.DatabaseBenchmarkApplicationTests.findOrdersLineBetweenIdsWithOrdersAndPizzaJOOQ:findOrdersLineBetweenIdsWithOrdersAndPizzaJOOQ·p0.90","sample",1,1,"42,532864",NaN,"ms/op",2,100000-102000
"com.database.benchmark.DatabaseBenchmarkApplicationTests.findOrdersLineBetweenIdsWithOrdersAndPizzaJOOQ:findOrdersLineBetweenIdsWithOrdersAndPizzaJOOQ·p0.95","sample",1,1,"44,099174",NaN,"ms/op",2,100000-102000
"com.database.benchmark.DatabaseBenchmarkApplicationTests.findOrdersLineBetweenIdsWithOrdersAndPizzaJOOQ:findOrdersLineBetweenIdsWithOrdersAndPizzaJOOQ·p0.99","sample",1,1,"47,832105",NaN,"ms/op",2,100000-102000
"com.database.benchmark.DatabaseBenchmarkApplicationTests.findOrdersLineBetweenIdsWithOrdersAndPizzaJOOQ:findOrdersLineBetweenIdsWithOrdersAndPizzaJOOQ·p0.999","sample",1,1,"50,790400",NaN,"ms/op",2,100000-102000
"com.database.benchmark.DatabaseBenchmarkApplicationTests.findOrdersLineBetweenIdsWithOrdersAndPizzaJOOQ:findOrdersLineBetweenIdsWithOrdersAndPizzaJOOQ·p0.9999","sample",1,1,"50,790400",NaN,"ms/op",2,100000-102000
"com.database.benchmark.DatabaseBenchmarkApplicationTests.findOrdersLineBetweenIdsWithOrdersAndPizzaJOOQ:findOrdersLineBetweenIdsWithOrdersAndPizzaJOOQ·p1.00","sample",1,1,"50,790400",NaN,"ms/op",2,100000-102000
"com.database.benchmark.DatabaseBenchmarkApplicationTests.findOrdersLineBetweenIdsWithOrdersAndPizzaJOOQ","sample",1,114,"177,906095","1,890066","ms/op",5,100-250
"com.database.benchmark.DatabaseBenchmarkApplicationTests.findOrdersLineBetweenIdsWithOrdersAndPizzaJOOQ:findOrdersLineBetweenIdsWithOrdersAndPizzaJOOQ·p0.00","sample",1,1,"163,053568",NaN,"ms/op",5,100-250
"com.database.benchmark.DatabaseBenchmarkApplicationTests.findOrdersLineBetweenIdsWithOrdersAndPizzaJOOQ:findOrdersLineBetweenIdsWithOrdersAndPizzaJOOQ·p0.50","sample",1,1,"178,520064",NaN,"ms/op",5,100-250
"com.database.benchmark.DatabaseBenchmarkApplicationTests.findOrdersLineBetweenIdsWithOrdersAndPizzaJOOQ:findOrdersLineBetweenIdsWithOrdersAndPizzaJOOQ·p0.90","sample",1,1,"184,680448",NaN,"ms/op",5,100-250
"com.database.benchmark.DatabaseBenchmarkApplicationTests.findOrdersLineBetweenIdsWithOrdersAndPizzaJOOQ:findOrdersLineBetweenIdsWithOrdersAndPizzaJOOQ·p0.95","sample",1,1,"186,777600",NaN,"ms/op",5,100-250
"com.database.benchmark.DatabaseBenchmarkApplicationTests.findOrdersLineBetweenIdsWithOrdersAndPizzaJOOQ:findOrdersLineBetweenIdsWithOrdersAndPizzaJOOQ·p0.99","sample",1,1,"196,516250",NaN,"ms/op",5,100-250
"com.database.benchmark.DatabaseBenchmarkApplicationTests.findOrdersLineBetweenIdsWithOrdersAndPizzaJOOQ:findOrdersLineBetweenIdsWithOrdersAndPizzaJOOQ·p0.999","sample",1,1,"197,656576",NaN,"ms/op",5,100-250
"com.database.benchmark.DatabaseBenchmarkApplicationTests.findOrdersLineBetweenIdsWithOrdersAndPizzaJOOQ:findOrdersLineBetweenIdsWithOrdersAndPizzaJOOQ·p0.9999","sample",1,1,"197,656576",NaN,"ms/op",5,100-250
"com.database.benchmark.DatabaseBenchmarkApplicationTests.findOrdersLineBetweenIdsWithOrdersAndPizzaJOOQ:findOrdersLineBetweenIdsWithOrdersAndPizzaJOOQ·p1.00","sample",1,1,"197,656576",NaN,"ms/op",5,100-250
"com.database.benchmark.DatabaseBenchmarkApplicationTests.findOrdersLineBetweenIdsWithOrdersAndPizzaJOOQ","sample",1,76,"268,162964","3,340388","ms/op",5,1000-1500
"com.database.benchmark.DatabaseBenchmarkApplicationTests.findOrdersLineBetweenIdsWithOrdersAndPizzaJOOQ:findOrdersLineBetweenIdsWithOrdersAndPizzaJOOQ·p0.00","sample",1,1,"249,298944",NaN,"ms/op",5,1000-1500
"com.database.benchmark.DatabaseBenchmarkApplicationTests.findOrdersLineBetweenIdsWithOrdersAndPizzaJOOQ:findOrdersLineBetweenIdsWithOrdersAndPizzaJOOQ·p0.50","sample",1,1,"266,993664",NaN,"ms/op",5,1000-1500
"com.database.benchmark.DatabaseBenchmarkApplicationTests.findOrdersLineBetweenIdsWithOrdersAndPizzaJOOQ:findOrdersLineBetweenIdsWithOrdersAndPizzaJOOQ·p0.90","sample",1,1,"280,651366",NaN,"ms/op",5,1000-1500
"com.database.benchmark.DatabaseBenchmarkApplicationTests.findOrdersLineBetweenIdsWithOrdersAndPizzaJOOQ:findOrdersLineBetweenIdsWithOrdersAndPizzaJOOQ·p0.95","sample",1,1,"283,797094",NaN,"ms/op",5,1000-1500
"com.database.benchmark.DatabaseBenchmarkApplicationTests.findOrdersLineBetweenIdsWithOrdersAndPizzaJOOQ:findOrdersLineBetweenIdsWithOrdersAndPizzaJOOQ·p0.99","sample",1,1,"289,406976",NaN,"ms/op",5,1000-1500
"com.database.benchmark.DatabaseBenchmarkApplicationTests.findOrdersLineBetweenIdsWithOrdersAndPizzaJOOQ:findOrdersLineBetweenIdsWithOrdersAndPizzaJOOQ·p0.999","sample",1,1,"289,406976",NaN,"ms/op",5,1000-1500
"com.database.benchmark.DatabaseBenchmarkApplicationTests.findOrdersLineBetweenIdsWithOrdersAndPizzaJOOQ:findOrdersLineBetweenIdsWithOrdersAndPizzaJOOQ·p0.9999","sample",1,1,"289,406976",NaN,"ms/op",5,1000-1500
"com.database.benchmark.DatabaseBenchmarkApplicationTests.findOrdersLineBetweenIdsWithOrdersAndPizzaJOOQ:findOrdersLineBetweenIdsWithOrdersAndPizzaJOOQ·p1.00","sample",1,1,"289,406976",NaN,"ms/op",5,1000-1500
"com.database.benchmark.DatabaseBenchmarkApplicationTests.findOrdersLineBetweenIdsWithOrdersAndPizzaJOOQ","sample",1,54,"379,167023","6,941842","ms/op",5,10000-11000
"com.database.benchmark.DatabaseBenchmarkApplicationTests.findOrdersLineBetweenIdsWithOrdersAndPizzaJOOQ:findOrdersLineBetweenIdsWithOrdersAndPizzaJOOQ·p0.00","sample",1,1,"349,700096",NaN,"ms/op",5,10000-11000
"com.database.benchmark.DatabaseBenchmarkApplicationTests.findOrdersLineBetweenIdsWithOrdersAndPizzaJOOQ:findOrdersLineBetweenIdsWithOrdersAndPizzaJOOQ·p0.50","sample",1,1,"378,011648",NaN,"ms/op",5,10000-11000
"com.database.benchmark.DatabaseBenchmarkApplicationTests.findOrdersLineBetweenIdsWithOrdersAndPizzaJOOQ:findOrdersLineBetweenIdsWithOrdersAndPizzaJOOQ·p0.90","sample",1,1,"397,672448",NaN,"ms/op",5,10000-11000
"com.database.benchmark.DatabaseBenchmarkApplicationTests.findOrdersLineBetweenIdsWithOrdersAndPizzaJOOQ:findOrdersLineBetweenIdsWithOrdersAndPizzaJOOQ·p0.95","sample",1,1,"407,633920",NaN,"ms/op",5,10000-11000
"com.database.benchmark.DatabaseBenchmarkApplicationTests.findOrdersLineBetweenIdsWithOrdersAndPizzaJOOQ:findOrdersLineBetweenIdsWithOrdersAndPizzaJOOQ·p0.99","sample",1,1,"416,808960",NaN,"ms/op",5,10000-11000
"com.database.benchmark.DatabaseBenchmarkApplicationTests.findOrdersLineBetweenIdsWithOrdersAndPizzaJOOQ:findOrdersLineBetweenIdsWithOrdersAndPizzaJOOQ·p0.999","sample",1,1,"416,808960",NaN,"ms/op",5,10000-11000
"com.database.benchmark.DatabaseBenchmarkApplicationTests.findOrdersLineBetweenIdsWithOrdersAndPizzaJOOQ:findOrdersLineBetweenIdsWithOrdersAndPizzaJOOQ·p0.9999","sample",1,1,"416,808960",NaN,"ms/op",5,10000-11000
"com.database.benchmark.DatabaseBenchmarkApplicationTests.findOrdersLineBetweenIdsWithOrdersAndPizzaJOOQ:findOrdersLineBetweenIdsWithOrdersAndPizzaJOOQ·p1.00","sample",1,1,"416,808960",NaN,"ms/op",5,10000-11000
"com.database.benchmark.DatabaseBenchmarkApplicationTests.findOrdersLineBetweenIdsWithOrdersAndPizzaJOOQ","sample",1,193,"103,855884","1,824207","ms/op",5,100000-102000
"com.database.benchmark.DatabaseBenchmarkApplicationTests.findOrdersLineBetweenIdsWithOrdersAndPizzaJOOQ:findOrdersLineBetweenIdsWithOrdersAndPizzaJOOQ·p0.00","sample",1,1,"87,162880",NaN,"ms/op",5,100000-102000
"com.database.benchmark.DatabaseBenchmarkApplicationTests.findOrdersLineBetweenIdsWithOrdersAndPizzaJOOQ:findOrdersLineBetweenIdsWithOrdersAndPizzaJOOQ·p0.50","sample",1,1,"102,891520",NaN,"ms/op",5,100000-102000
"com.database.benchmark.DatabaseBenchmarkApplicationTests.findOrdersLineBetweenIdsWithOrdersAndPizzaJOOQ:findOrdersLineBetweenIdsWithOrdersAndPizzaJOOQ·p0.90","sample",1,1,"113,822925",NaN,"ms/op",5,100000-102000
"com.database.benchmark.DatabaseBenchmarkApplicationTests.findOrdersLineBetweenIdsWithOrdersAndPizzaJOOQ:findOrdersLineBetweenIdsWithOrdersAndPizzaJOOQ·p0.95","sample",1,1,"119,039590",NaN,"ms/op",5,100000-102000
"com.database.benchmark.DatabaseBenchmarkApplicationTests.findOrdersLineBetweenIdsWithOrdersAndPizzaJOOQ:findOrdersLineBetweenIdsWithOrdersAndPizzaJOOQ·p0.99","sample",1,1,"127,530435",NaN,"ms/op",5,100000-102000
"com.database.benchmark.DatabaseBenchmarkApplicationTests.findOrdersLineBetweenIdsWithOrdersAndPizzaJOOQ:findOrdersLineBetweenIdsWithOrdersAndPizzaJOOQ·p0.999","sample",1,1,"131,596288",NaN,"ms/op",5,100000-102000
"com.database.benchmark.DatabaseBenchmarkApplicationTests.findOrdersLineBetweenIdsWithOrdersAndPizzaJOOQ:findOrdersLineBetweenIdsWithOrdersAndPizzaJOOQ·p0.9999","sample",1,1,"131,596288",NaN,"ms/op",5,100000-102000
"com.database.benchmark.DatabaseBenchmarkApplicationTests.findOrdersLineBetweenIdsWithOrdersAndPizzaJOOQ:findOrdersLineBetweenIdsWithOrdersAndPizzaJOOQ·p1.00","sample",1,1,"131,596288",NaN,"ms/op",5,100000-102000
"com.database.benchmark.DatabaseBenchmarkApplicationTests.findOrdersLineBetweenIdsWithOrdersAndPizzaJPA","sample",1,2511,"7,958543","0,095901","ms/op",2,100-250
"com.database.benchmark.DatabaseBenchmarkApplicationTests.findOrdersLineBetweenIdsWithOrdersAndPizzaJPA:findOrdersLineBetweenIdsWithOrdersAndPizzaJPA·p0.00","sample",1,1,"4,759552",NaN,"ms/op",2,100-250
"com.database.benchmark.DatabaseBenchmarkApplicationTests.findOrdersLineBetweenIdsWithOrdersAndPizzaJPA:findOrdersLineBetweenIdsWithOrdersAndPizzaJPA·p0.50","sample",1,1,"7,700480",NaN,"ms/op",2,100-250
"com.database.benchmark.DatabaseBenchmarkApplicationTests.findOrdersLineBetweenIdsWithOrdersAndPizzaJPA:findOrdersLineBetweenIdsWithOrdersAndPizzaJPA·p0.90","sample",1,1,"10,010624",NaN,"ms/op",2,100-250
"com.database.benchmark.DatabaseBenchmarkApplicationTests.findOrdersLineBetweenIdsWithOrdersAndPizzaJPA:findOrdersLineBetweenIdsWithOrdersAndPizzaJPA·p0.95","sample",1,1,"10,665984",NaN,"ms/op",2,100-250
"com.database.benchmark.DatabaseBenchmarkApplicationTests.findOrdersLineBetweenIdsWithOrdersAndPizzaJPA:findOrdersLineBetweenIdsWithOrdersAndPizzaJPA·p0.99","sample",1,1,"11,923620",NaN,"ms/op",2,100-250
"com.database.benchmark.DatabaseBenchmarkApplicationTests.findOrdersLineBetweenIdsWithOrdersAndPizzaJPA:findOrdersLineBetweenIdsWithOrdersAndPizzaJPA·p0.999","sample",1,1,"13,327401",NaN,"ms/op",2,100-250
"com.database.benchmark.DatabaseBenchmarkApplicationTests.findOrdersLineBetweenIdsWithOrdersAndPizzaJPA:findOrdersLineBetweenIdsWithOrdersAndPizzaJPA·p0.9999","sample",1,1,"13,369344",NaN,"ms/op",2,100-250
"com.database.benchmark.DatabaseBenchmarkApplicationTests.findOrdersLineBetweenIdsWithOrdersAndPizzaJPA:findOrdersLineBetweenIdsWithOrdersAndPizzaJPA·p1.00","sample",1,1,"13,369344",NaN,"ms/op",2,100-250
"com.database.benchmark.DatabaseBenchmarkApplicationTests.findOrdersLineBetweenIdsWithOrdersAndPizzaJPA","sample",1,1391,"14,376577","0,163640","ms/op",2,1000-1500
"com.database.benchmark.DatabaseBenchmarkApplicationTests.findOrdersLineBetweenIdsWithOrdersAndPizzaJPA:findOrdersLineBetweenIdsWithOrdersAndPizzaJPA·p0.00","sample",1,1,"8,568832",NaN,"ms/op",2,1000-1500
"com.database.benchmark.DatabaseBenchmarkApplicationTests.findOrdersLineBetweenIdsWithOrdersAndPizzaJPA:findOrdersLineBetweenIdsWithOrdersAndPizzaJPA·p0.50","sample",1,1,"13,893632",NaN,"ms/op",2,1000-1500
"com.database.benchmark.DatabaseBenchmarkApplicationTests.findOrdersLineBetweenIdsWithOrdersAndPizzaJPA:findOrdersLineBetweenIdsWithOrdersAndPizzaJPA·p0.90","sample",1,1,"16,901734",NaN,"ms/op",2,1000-1500
"com.database.benchmark.DatabaseBenchmarkApplicationTests.findOrdersLineBetweenIdsWithOrdersAndPizzaJPA:findOrdersLineBetweenIdsWithOrdersAndPizzaJPA·p0.95","sample",1,1,"18,055168",NaN,"ms/op",2,1000-1500
"com.database.benchmark.DatabaseBenchmarkApplicationTests.findOrdersLineBetweenIdsWithOrdersAndPizzaJPA:findOrdersLineBetweenIdsWithOrdersAndPizzaJPA·p0.99","sample",1,1,"20,386939",NaN,"ms/op",2,1000-1500
"com.database.benchmark.DatabaseBenchmarkApplicationTests.findOrdersLineBetweenIdsWithOrdersAndPizzaJPA:findOrdersLineBetweenIdsWithOrdersAndPizzaJPA·p0.999","sample",1,1,"22,125478",NaN,"ms/op",2,1000-1500
"com.database.benchmark.DatabaseBenchmarkApplicationTests.findOrdersLineBetweenIdsWithOrdersAndPizzaJPA:findOrdersLineBetweenIdsWithOrdersAndPizzaJPA·p0.9999","sample",1,1,"22,151168",NaN,"ms/op",2,1000-1500
"com.database.benchmark.DatabaseBenchmarkApplicationTests.findOrdersLineBetweenIdsWithOrdersAndPizzaJPA:findOrdersLineBetweenIdsWithOrdersAndPizzaJPA·p1.00","sample",1,1,"22,151168",NaN,"ms/op",2,1000-1500
"com.database.benchmark.DatabaseBenchmarkApplicationTests.findOrdersLineBetweenIdsWithOrdersAndPizzaJPA","sample",1,851,"23,503243","0,239274","ms/op",2,10000-11000
"com.database.benchmark.DatabaseBenchmarkApplicationTests.findOrdersLineBetweenIdsWithOrdersAndPizzaJPA:findOrdersLineBetweenIdsWithOrdersAndPizzaJPA·p0.00","sample",1,1,"16,809984",NaN,"ms/op",2,10000-11000
"com.database.benchmark.DatabaseBenchmarkApplicationTests.findOrdersLineBetweenIdsWithOrdersAndPizzaJPA:findOrdersLineBetweenIdsWithOrdersAndPizzaJPA·p0.50","sample",1,1,"22,970368",NaN,"ms/op",2,10000-11000
"com.database.benchmark.DatabaseBenchmarkApplicationTests.findOrdersLineBetweenIdsWithOrdersAndPizzaJPA:findOrdersLineBetweenIdsWithOrdersAndPizzaJPA·p0.90","sample",1,1,"26,404454",NaN,"ms/op",2,10000-11000
"com.database.benchmark.DatabaseBenchmarkApplicationTests.findOrdersLineBetweenIdsWithOrdersAndPizzaJPA:findOrdersLineBetweenIdsWithOrdersAndPizzaJPA·p0.95","sample",1,1,"27,584102",NaN,"ms/op",2,10000-11000
"com.database.benchmark.DatabaseBenchmarkApplicationTests.findOrdersLineBetweenIdsWithOrdersAndPizzaJPA:findOrdersLineBetweenIdsWithOrdersAndPizzaJPA·p0.99","sample",1,1,"29,982720",NaN,"ms/op",2,10000-11000
"com.database.benchmark.DatabaseBenchmarkApplicationTests.findOrdersLineBetweenIdsWithOrdersAndPizzaJPA:findOrdersLineBetweenIdsWithOrdersAndPizzaJPA·p0.999","sample",1,1,"33,554432",NaN,"ms/op",2,10000-11000
"com.database.benchmark.DatabaseBenchmarkApplicationTests.findOrdersLineBetweenIdsWithOrdersAndPizzaJPA:findOrdersLineBetweenIdsWithOrdersAndPizzaJPA·p0.9999","sample",1,1,"33,554432",NaN,"ms/op",2,10000-11000
"com.database.benchmark.DatabaseBenchmarkApplicationTests.findOrdersLineBetweenIdsWithOrdersAndPizzaJPA:findOrdersLineBetweenIdsWithOrdersAndPizzaJPA·p1.00","sample",1,1,"33,554432",NaN,"ms/op",2,10000-11000
"com.database.benchmark.DatabaseBenchmarkApplicationTests.findOrdersLineBetweenIdsWithOrdersAndPizzaJPA","sample",1,472,"42,416440","0,497578","ms/op",2,100000-102000
"com.database.benchmark.DatabaseBenchmarkApplicationTests.findOrdersLineBetweenIdsWithOrdersAndPizzaJPA:findOrdersLineBetweenIdsWithOrdersAndPizzaJPA·p0.00","sample",1,1,"25,919488",NaN,"ms/op",2,100000-102000
"com.database.benchmark.DatabaseBenchmarkApplicationTests.findOrdersLineBetweenIdsWithOrdersAndPizzaJPA:findOrdersLineBetweenIdsWithOrdersAndPizzaJPA·p0.50","sample",1,1,"41,615360",NaN,"ms/op",2,100000-102000
"com.database.benchmark.DatabaseBenchmarkApplicationTests.findOrdersLineBetweenIdsWithOrdersAndPizzaJPA:findOrdersLineBetweenIdsWithOrdersAndPizzaJPA·p0.90","sample",1,1,"47,120384",NaN,"ms/op",2,100000-102000
"com.database.benchmark.DatabaseBenchmarkApplicationTests.findOrdersLineBetweenIdsWithOrdersAndPizzaJPA:findOrdersLineBetweenIdsWithOrdersAndPizzaJPA·p0.95","sample",1,1,"48,824320",NaN,"ms/op",2,100000-102000
"com.database.benchmark.DatabaseBenchmarkApplicationTests.findOrdersLineBetweenIdsWithOrdersAndPizzaJPA:findOrdersLineBetweenIdsWithOrdersAndPizzaJPA·p0.99","sample",1,1,"51,991020",NaN,"ms/op",2,100000-102000
"com.database.benchmark.DatabaseBenchmarkApplicationTests.findOrdersLineBetweenIdsWithOrdersAndPizzaJPA:findOrdersLineBetweenIdsWithOrdersAndPizzaJPA·p0.999","sample",1,1,"55,443456",NaN,"ms/op",2,100000-102000
"com.database.benchmark.DatabaseBenchmarkApplicationTests.findOrdersLineBetweenIdsWithOrdersAndPizzaJPA:findOrdersLineBetweenIdsWithOrdersAndPizzaJPA·p0.9999","sample",1,1,"55,443456",NaN,"ms/op",2,100000-102000
"com.database.benchmark.DatabaseBenchmarkApplicationTests.findOrdersLineBetweenIdsWithOrdersAndPizzaJPA:findOrdersLineBetweenIdsWithOrdersAndPizzaJPA·p1.00","sample",1,1,"55,443456",NaN,"ms/op",2,100000-102000
"com.database.benchmark.DatabaseBenchmarkApplicationTests.findOrdersLineBetweenIdsWithOrdersAndPizzaJPA","sample",1,1063,"18,821193","0,262293","ms/op",5,100-250
"com.database.benchmark.DatabaseBenchmarkApplicationTests.findOrdersLineBetweenIdsWithOrdersAndPizzaJPA:findOrdersLineBetweenIdsWithOrdersAndPizzaJPA·p0.00","sample",1,1,"13,484032",NaN,"ms/op",5,100-250
"com.database.benchmark.DatabaseBenchmarkApplicationTests.findOrdersLineBetweenIdsWithOrdersAndPizzaJPA:findOrdersLineBetweenIdsWithOrdersAndPizzaJPA·p0.50","sample",1,1,"18,415616",NaN,"ms/op",5,100-250
"com.database.benchmark.DatabaseBenchmarkApplicationTests.findOrdersLineBetweenIdsWithOrdersAndPizzaJPA:findOrdersLineBetweenIdsWithOrdersAndPizzaJPA·p0.90","sample",1,1,"22,564045",NaN,"ms/op",5,100-250
"com.database.benchmark.DatabaseBenchmarkApplicationTests.findOrdersLineBetweenIdsWithOrdersAndPizzaJPA:findOrdersLineBetweenIdsWithOrdersAndPizzaJPA·p0.95","sample",1,1,"23,946854",NaN,"ms/op",5,100-250
"com.database.benchmark.DatabaseBenchmarkApplicationTests.findOrdersLineBetweenIdsWithOrdersAndPizzaJPA:findOrdersLineBetweenIdsWithOrdersAndPizzaJPA·p0.99","sample",1,1,"26,144932",NaN,"ms/op",5,100-250
"com.database.benchmark.DatabaseBenchmarkApplicationTests.findOrdersLineBetweenIdsWithOrdersAndPizzaJPA:findOrdersLineBetweenIdsWithOrdersAndPizzaJPA·p0.999","sample",1,1,"30,171464",NaN,"ms/op",5,100-250
"com.database.benchmark.DatabaseBenchmarkApplicationTests.findOrdersLineBetweenIdsWithOrdersAndPizzaJPA:findOrdersLineBetweenIdsWithOrdersAndPizzaJPA·p0.9999","sample",1,1,"30,244864",NaN,"ms/op",5,100-250
"com.database.benchmark.DatabaseBenchmarkApplicationTests.findOrdersLineBetweenIdsWithOrdersAndPizzaJPA:findOrdersLineBetweenIdsWithOrdersAndPizzaJPA·p1.00","sample",1,1,"30,244864",NaN,"ms/op",5,100-250
"com.database.benchmark.DatabaseBenchmarkApplicationTests.findOrdersLineBetweenIdsWithOrdersAndPizzaJPA","sample",1,579,"34,566335","0,356301","ms/op",5,1000-1500
"com.database.benchmark.DatabaseBenchmarkApplicationTests.findOrdersLineBetweenIdsWithOrdersAndPizzaJPA:findOrdersLineBetweenIdsWithOrdersAndPizzaJPA·p0.00","sample",1,1,"24,117248",NaN,"ms/op",5,1000-1500
"com.database.benchmark.DatabaseBenchmarkApplicationTests.findOrdersLineBetweenIdsWithOrdersAndPizzaJPA:findOrdersLineBetweenIdsWithOrdersAndPizzaJPA·p0.50","sample",1,1,"34,209792",NaN,"ms/op",5,1000-1500
"com.database.benchmark.DatabaseBenchmarkApplicationTests.findOrdersLineBetweenIdsWithOrdersAndPizzaJPA:findOrdersLineBetweenIdsWithOrdersAndPizzaJPA·p0.90","sample",1,1,"38,076416",NaN,"ms/op",5,1000-1500
"com.database.benchmark.DatabaseBenchmarkApplicationTests.findOrdersLineBetweenIdsWithOrdersAndPizzaJPA:findOrdersLineBetweenIdsWithOrdersAndPizzaJPA·p0.95","sample",1,1,"39,256064",NaN,"ms/op",5,1000-1500
"com.database.benchmark.DatabaseBenchmarkApplicationTests.findOrdersLineBetweenIdsWithOrdersAndPizzaJPA:findOrdersLineBetweenIdsWithOrdersAndPizzaJPA·p0.99","sample",1,1,"41,104179",NaN,"ms/op",5,1000-1500
"com.database.benchmark.DatabaseBenchmarkApplicationTests.findOrdersLineBetweenIdsWithOrdersAndPizzaJPA:findOrdersLineBetweenIdsWithOrdersAndPizzaJPA·p0.999","sample",1,1,"44,761088",NaN,"ms/op",5,1000-1500
"com.database.benchmark.DatabaseBenchmarkApplicationTests.findOrdersLineBetweenIdsWithOrdersAndPizzaJPA:findOrdersLineBetweenIdsWithOrdersAndPizzaJPA·p0.9999","sample",1,1,"44,761088",NaN,"ms/op",5,1000-1500
"com.database.benchmark.DatabaseBenchmarkApplicationTests.findOrdersLineBetweenIdsWithOrdersAndPizzaJPA:findOrdersLineBetweenIdsWithOrdersAndPizzaJPA·p1.00","sample",1,1,"44,761088",NaN,"ms/op",5,1000-1500
"com.database.benchmark.DatabaseBenchmarkApplicationTests.findOrdersLineBetweenIdsWithOrdersAndPizzaJPA","sample",1,353,"56,695695","0,785761","ms/op",5,10000-11000
"com.database.benchmark.DatabaseBenchmarkApplicationTests.findOrdersLineBetweenIdsWithOrdersAndPizzaJPA:findOrdersLineBetweenIdsWithOrdersAndPizzaJPA·p0.00","sample",1,1,"36,765696",NaN,"ms/op",5,10000-11000
"com.database.benchmark.DatabaseBenchmarkApplicationTests.findOrdersLineBetweenIdsWithOrdersAndPizzaJPA:findOrdersLineBetweenIdsWithOrdersAndPizzaJPA·p0.50","sample",1,1,"56,426496",NaN,"ms/op",5,10000-11000
"com.database.benchmark.DatabaseBenchmarkApplicationTests.findOrdersLineBetweenIdsWithOrdersAndPizzaJPA:findOrdersLineBetweenIdsWithOrdersAndPizzaJPA·p0.90","sample",1,1,"62,337843",NaN,"ms/op",5,10000-11000
"com.database.benchmark.DatabaseBenchmarkApplicationTests.findOrdersLineBetweenIdsWithOrdersAndPizzaJPA:findOrdersLineBetweenIdsWithOrdersAndPizzaJPA·p0.95","sample",1,1,"63,327437",NaN,"ms/op",5,10000-11000
"com.database.benchmark.DatabaseBenchmarkApplicationTests.findOrdersLineBetweenIdsWithOrdersAndPizzaJPA:findOrdersLineBetweenIdsWithOrdersAndPizzaJPA·p0.99","sample",1,1,"66,557051",NaN,"ms/op",5,10000-11000
"com.database.benchmark.DatabaseBenchmarkApplicationTests.findOrdersLineBetweenIdsWithOrdersAndPizzaJPA:findOrdersLineBetweenIdsWithOrdersAndPizzaJPA·p0.999","sample",1,1,"68,026368",NaN,"ms/op",5,10000-11000
"com.database.benchmark.DatabaseBenchmarkApplicationTests.findOrdersLineBetweenIdsWithOrdersAndPizzaJPA:findOrdersLineBetweenIdsWithOrdersAndPizzaJPA·p0.9999","sample",1,1,"68,026368",NaN,"ms/op",5,10000-11000
"com.database.benchmark.DatabaseBenchmarkApplicationTests.findOrdersLineBetweenIdsWithOrdersAndPizzaJPA:findOrdersLineBetweenIdsWithOrdersAndPizzaJPA·p1.00","sample",1,1,"68,026368",NaN,"ms/op",5,10000-11000
"com.database.benchmark.DatabaseBenchmarkApplicationTests.findOrdersLineBetweenIdsWithOrdersAndPizzaJPA","sample",1,194,"103,560393","1,104133","ms/op",5,100000-102000
"com.database.benchmark.DatabaseBenchmarkApplicationTests.findOrdersLineBetweenIdsWithOrdersAndPizzaJPA:findOrdersLineBetweenIdsWithOrdersAndPizzaJPA·p0.00","sample",1,1,"89,128960",NaN,"ms/op",5,100000-102000
"com.database.benchmark.DatabaseBenchmarkApplicationTests.findOrdersLineBetweenIdsWithOrdersAndPizzaJPA:findOrdersLineBetweenIdsWithOrdersAndPizzaJPA·p0.50","sample",1,1,"103,153664",NaN,"ms/op",5,100000-102000
"com.database.benchmark.DatabaseBenchmarkApplicationTests.findOrdersLineBetweenIdsWithOrdersAndPizzaJPA:findOrdersLineBetweenIdsWithOrdersAndPizzaJPA·p0.90","sample",1,1,"109,707264",NaN,"ms/op",5,100000-102000
"com.database.benchmark.DatabaseBenchmarkApplicationTests.findOrdersLineBetweenIdsWithOrdersAndPizzaJPA:findOrdersLineBetweenIdsWithOrdersAndPizzaJPA·p0.95","sample",1,1,"111,411200",NaN,"ms/op",5,100000-102000
"com.database.benchmark.DatabaseBenchmarkApplicationTests.findOrdersLineBetweenIdsWithOrdersAndPizzaJPA:findOrdersLineBetweenIdsWithOrdersAndPizzaJPA·p0.99","sample",1,1,"116,182221",NaN,"ms/op",5,100000-102000
"com.database.benchmark.DatabaseBenchmarkApplicationTests.findOrdersLineBetweenIdsWithOrdersAndPizzaJPA:findOrdersLineBetweenIdsWithOrdersAndPizzaJPA·p0.999","sample",1,1,"117,178368",NaN,"ms/op",5,100000-102000
"com.database.benchmark.DatabaseBenchmarkApplicationTests.findOrdersLineBetweenIdsWithOrdersAndPizzaJPA:findOrdersLineBetweenIdsWithOrdersAndPizzaJPA·p0.9999","sample",1,1,"117,178368",NaN,"ms/op",5,100000-102000
"com.database.benchmark.DatabaseBenchmarkApplicationTests.findOrdersLineBetweenIdsWithOrdersAndPizzaJPA:findOrdersLineBetweenIdsWithOrdersAndPizzaJPA·p1.00","sample",1,1,"117,178368",NaN,"ms/op",5,100000-102000
"com.database.benchmark.DatabaseBenchmarkApplicationTests.findOrdersLineBetweenIdsWithOrdersAndPizzaR2DBC","sample",1,1228,"16,277757","0,245348","ms/op",2,100-250
"com.database.benchmark.DatabaseBenchmarkApplicationTests.findOrdersLineBetweenIdsWithOrdersAndPizzaR2DBC:findOrdersLineBetweenIdsWithOrdersAndPizzaR2DBC·p0.00","sample",1,1,"9,633792",NaN,"ms/op",2,100-250
"com.database.benchmark.DatabaseBenchmarkApplicationTests.findOrdersLineBetweenIdsWithOrdersAndPizzaR2DBC:findOrdersLineBetweenIdsWithOrdersAndPizzaR2DBC·p0.50","sample",1,1,"16,498688",NaN,"ms/op",2,100-250
"com.database.benchmark.DatabaseBenchmarkApplicationTests.findOrdersLineBetweenIdsWithOrdersAndPizzaR2DBC:findOrdersLineBetweenIdsWithOrdersAndPizzaR2DBC·p0.90","sample",1,1,"19,496960",NaN,"ms/op",2,100-250
"com.database.benchmark.DatabaseBenchmarkApplicationTests.findOrdersLineBetweenIdsWithOrdersAndPizzaR2DBC:findOrdersLineBetweenIdsWithOrdersAndPizzaR2DBC·p0.95","sample",1,1,"20,086784",NaN,"ms/op",2,100-250
"com.database.benchmark.DatabaseBenchmarkApplicationTests.findOrdersLineBetweenIdsWithOrdersAndPizzaR2DBC:findOrdersLineBetweenIdsWithOrdersAndPizzaR2DBC·p0.99","sample",1,1,"21,256929",NaN,"ms/op",2,100-250
"com.database.benchmark.DatabaseBenchmarkApplicationTests.findOrdersLineBetweenIdsWithOrdersAndPizzaR2DBC:findOrdersLineBetweenIdsWithOrdersAndPizzaR2DBC·p0.999","sample",1,1,"22,983377",NaN,"ms/op",2,100-250
"com.database.benchmark.DatabaseBenchmarkApplicationTests.findOrdersLineBetweenIdsWithOrdersAndPizzaR2DBC:findOrdersLineBetweenIdsWithOrdersAndPizzaR2DBC·p0.9999","sample",1,1,"23,035904",NaN,"ms/op",2,100-250
"com.database.benchmark.DatabaseBenchmarkApplicationTests.findOrdersLineBetweenIdsWithOrdersAndPizzaR2DBC:findOrdersLineBetweenIdsWithOrdersAndPizzaR2DBC·p1.00","sample",1,1,"23,035904",NaN,"ms/op",2,100-250
"com.database.benchmark.DatabaseBenchmarkApplicationTests.findOrdersLineBetweenIdsWithOrdersAndPizzaR2DBC","sample",1,770,"25,988641","0,351443","ms/op",2,1000-1500
"com.database.benchmark.DatabaseBenchmarkApplicationTests.findOrdersLineBetweenIdsWithOrdersAndPizzaR2DBC:findOrdersLineBetweenIdsWithOrdersAndPizzaR2DBC·p0.00","sample",1,1,"17,891328",NaN,"ms/op",2,1000-1500
"com.database.benchmark.DatabaseBenchmarkApplicationTests.findOrdersLineBetweenIdsWithOrdersAndPizzaR2DBC:findOrdersLineBetweenIdsWithOrdersAndPizzaR2DBC·p0.50","sample",1,1,"26,017792",NaN,"ms/op",2,1000-1500
"com.database.benchmark.DatabaseBenchmarkApplicationTests.findOrdersLineBetweenIdsWithOrdersAndPizzaR2DBC:findOrdersLineBetweenIdsWithOrdersAndPizzaR2DBC·p0.90","sample",1,1,"29,655040",NaN,"ms/op",2,1000-1500
"com.database.benchmark.DatabaseBenchmarkApplicationTests.findOrdersLineBetweenIdsWithOrdersAndPizzaR2DBC:findOrdersLineBetweenIdsWithOrdersAndPizzaR2DBC·p0.95","sample",1,1,"30,878925",NaN,"ms/op",2,1000-1500
"com.database.benchmark.DatabaseBenchmarkApplicationTests.findOrdersLineBetweenIdsWithOrdersAndPizzaR2DBC:findOrdersLineBetweenIdsWithOrdersAndPizzaR2DBC·p0.99","sample",1,1,"33,554432",NaN,"ms/op",2,1000-1500
"com.database.benchmark.DatabaseBenchmarkApplicationTests.findOrdersLineBetweenIdsWithOrdersAndPizzaR2DBC:findOrdersLineBetweenIdsWithOrdersAndPizzaR2DBC·p0.999","sample",1,1,"35,586048",NaN,"ms/op",2,1000-1500
"com.database.benchmark.DatabaseBenchmarkApplicationTests.findOrdersLineBetweenIdsWithOrdersAndPizzaR2DBC:findOrdersLineBetweenIdsWithOrdersAndPizzaR2DBC·p0.9999","sample",1,1,"35,586048",NaN,"ms/op",2,1000-1500
"com.database.benchmark.DatabaseBenchmarkApplicationTests.findOrdersLineBetweenIdsWithOrdersAndPizzaR2DBC:findOrdersLineBetweenIdsWithOrdersAndPizzaR2DBC·p1.00","sample",1,1,"35,586048",NaN,"ms/op",2,1000-1500
"com.database.benchmark.DatabaseBenchmarkApplicationTests.findOrdersLineBetweenIdsWithOrdersAndPizzaR2DBC","sample",1,513,"39,034864","0,542308","ms/op",2,10000-11000
"com.database.benchmark.DatabaseBenchmarkApplicationTests.findOrdersLineBetweenIdsWithOrdersAndPizzaR2DBC:findOrdersLineBetweenIdsWithOrdersAndPizzaR2DBC·p0.00","sample",1,1,"28,606464",NaN,"ms/op",2,10000-11000
"com.database.benchmark.DatabaseBenchmarkApplicationTests.findOrdersLineBetweenIdsWithOrdersAndPizzaR2DBC:findOrdersLineBetweenIdsWithOrdersAndPizzaR2DBC·p0.50","sample",1,1,"39,256064",NaN,"ms/op",2,10000-11000
"com.database.benchmark.DatabaseBenchmarkApplicationTests.findOrdersLineBetweenIdsWithOrdersAndPizzaR2DBC:findOrdersLineBetweenIdsWithOrdersAndPizzaR2DBC·p0.90","sample",1,1,"43,594547",NaN,"ms/op",2,10000-11000
"com.database.benchmark.DatabaseBenchmarkApplicationTests.findOrdersLineBetweenIdsWithOrdersAndPizzaR2DBC:findOrdersLineBetweenIdsWithOrdersAndPizzaR2DBC·p0.95","sample",1,1,"44,715213",NaN,"ms/op",2,10000-11000
"com.database.benchmark.DatabaseBenchmarkApplicationTests.findOrdersLineBetweenIdsWithOrdersAndPizzaR2DBC:findOrdersLineBetweenIdsWithOrdersAndPizzaR2DBC·p0.99","sample",1,1,"47,411364",NaN,"ms/op",2,10000-11000
"com.database.benchmark.DatabaseBenchmarkApplicationTests.findOrdersLineBetweenIdsWithOrdersAndPizzaR2DBC:findOrdersLineBetweenIdsWithOrdersAndPizzaR2DBC·p0.999","sample",1,1,"50,790400",NaN,"ms/op",2,10000-11000
"com.database.benchmark.DatabaseBenchmarkApplicationTests.findOrdersLineBetweenIdsWithOrdersAndPizzaR2DBC:findOrdersLineBetweenIdsWithOrdersAndPizzaR2DBC·p0.9999","sample",1,1,"50,790400",NaN,"ms/op",2,10000-11000
"com.database.benchmark.DatabaseBenchmarkApplicationTests.findOrdersLineBetweenIdsWithOrdersAndPizzaR2DBC:findOrdersLineBetweenIdsWithOrdersAndPizzaR2DBC·p1.00","sample",1,1,"50,790400",NaN,"ms/op",2,10000-11000
"com.database.benchmark.DatabaseBenchmarkApplicationTests.findOrdersLineBetweenIdsWithOrdersAndPizzaR2DBC","sample",1,324,"62,025172","0,744160","ms/op",2,100000-102000
"com.database.benchmark.DatabaseBenchmarkApplicationTests.findOrdersLineBetweenIdsWithOrdersAndPizzaR2DBC:findOrdersLineBetweenIdsWithOrdersAndPizzaR2DBC·p0.00","sample",1,1,"50,200576",NaN,"ms/op",2,100000-102000
"com.database.benchmark.DatabaseBenchmarkApplicationTests.findOrdersLineBetweenIdsWithOrdersAndPizzaR2DBC:findOrdersLineBetweenIdsWithOrdersAndPizzaR2DBC·p0.50","sample",1,1,"61,833216",NaN,"ms/op",2,100000-102000
"com.database.benchmark.DatabaseBenchmarkApplicationTests.findOrdersLineBetweenIdsWithOrdersAndPizzaR2DBC:findOrdersLineBetweenIdsWithOrdersAndPizzaR2DBC·p0.90","sample",1,1,"67,305472",NaN,"ms/op",2,100000-102000
"com.database.benchmark.DatabaseBenchmarkApplicationTests.findOrdersLineBetweenIdsWithOrdersAndPizzaR2DBC:findOrdersLineBetweenIdsWithOrdersAndPizzaR2DBC·p0.95","sample",1,1,"68,648960",NaN,"ms/op",2,100000-102000
"com.database.benchmark.DatabaseBenchmarkApplicationTests.findOrdersLineBetweenIdsWithOrdersAndPizzaR2DBC:findOrdersLineBetweenIdsWithOrdersAndPizzaR2DBC·p0.99","sample",1,1,"74,088448",NaN,"ms/op",2,100000-102000
"com.database.benchmark.DatabaseBenchmarkApplicationTests.findOrdersLineBetweenIdsWithOrdersAndPizzaR2DBC:findOrdersLineBetweenIdsWithOrdersAndPizzaR2DBC·p0.999","sample",1,1,"77,332480",NaN,"ms/op",2,100000-102000
"com.database.benchmark.DatabaseBenchmarkApplicationTests.findOrdersLineBetweenIdsWithOrdersAndPizzaR2DBC:findOrdersLineBetweenIdsWithOrdersAndPizzaR2DBC·p0.9999","sample",1,1,"77,332480",NaN,"ms/op",2,100000-102000
"com.database.benchmark.DatabaseBenchmarkApplicationTests.findOrdersLineBetweenIdsWithOrdersAndPizzaR2DBC:findOrdersLineBetweenIdsWithOrdersAndPizzaR2DBC·p1.00","sample",1,1,"77,332480",NaN,"ms/op",2,100000-102000
"com.database.benchmark.DatabaseBenchmarkApplicationTests.findOrdersLineBetweenIdsWithOrdersAndPizzaR2DBC","sample",1,494,"40,514979","0,615575","ms/op",5,100-250
"com.database.benchmark.DatabaseBenchmarkApplicationTests.findOrdersLineBetweenIdsWithOrdersAndPizzaR2DBC:findOrdersLineBetweenIdsWithOrdersAndPizzaR2DBC·p0.00","sample",1,1,"25,788416",NaN,"ms/op",5,100-250
"com.database.benchmark.DatabaseBenchmarkApplicationTests.findOrdersLineBetweenIdsWithOrdersAndPizzaR2DBC:findOrdersLineBetweenIdsWithOrdersAndPizzaR2DBC·p0.50","sample",1,1,"40,697856",NaN,"ms/op",5,100-250
"com.database.benchmark.DatabaseBenchmarkApplicationTests.findOrdersLineBetweenIdsWithOrdersAndPizzaR2DBC:findOrdersLineBetweenIdsWithOrdersAndPizzaR2DBC·p0.90","sample",1,1,"45,678592",NaN,"ms/op",5,100-250
"com.database.benchmark.DatabaseBenchmarkApplicationTests.findOrdersLineBetweenIdsWithOrdersAndPizzaR2DBC:findOrdersLineBetweenIdsWithOrdersAndPizzaR2DBC·p0.95","sample",1,1,"47,284224",NaN,"ms/op",5,100-250
"com.database.benchmark.DatabaseBenchmarkApplicationTests.findOrdersLineBetweenIdsWithOrdersAndPizzaR2DBC:findOrdersLineBetweenIdsWithOrdersAndPizzaR2DBC·p0.99","sample",1,1,"50,600346",NaN,"ms/op",5,100-250
"com.database.benchmark.DatabaseBenchmarkApplicationTests.findOrdersLineBetweenIdsWithOrdersAndPizzaR2DBC:findOrdersLineBetweenIdsWithOrdersAndPizzaR2DBC·p0.999","sample",1,1,"55,377920",NaN,"ms/op",5,100-250
"com.database.benchmark.DatabaseBenchmarkApplicationTests.findOrdersLineBetweenIdsWithOrdersAndPizzaR2DBC:findOrdersLineBetweenIdsWithOrdersAndPizzaR2DBC·p0.9999","sample",1,1,"55,377920",NaN,"ms/op",5,100-250
"com.database.benchmark.DatabaseBenchmarkApplicationTests.findOrdersLineBetweenIdsWithOrdersAndPizzaR2DBC:findOrdersLineBetweenIdsWithOrdersAndPizzaR2DBC·p1.00","sample",1,1,"55,377920",NaN,"ms/op",5,100-250
"com.database.benchmark.DatabaseBenchmarkApplicationTests.findOrdersLineBetweenIdsWithOrdersAndPizzaR2DBC","sample",1,310,"64,847449","1,150483","ms/op",5,1000-1500
"com.database.benchmark.DatabaseBenchmarkApplicationTests.findOrdersLineBetweenIdsWithOrdersAndPizzaR2DBC:findOrdersLineBetweenIdsWithOrdersAndPizzaR2DBC·p0.00","sample",1,1,"48,889856",NaN,"ms/op",5,1000-1500
"com.database.benchmark.DatabaseBenchmarkApplicationTests.findOrdersLineBetweenIdsWithOrdersAndPizzaR2DBC:findOrdersLineBetweenIdsWithOrdersAndPizzaR2DBC·p0.50","sample",1,1,"65,667072",NaN,"ms/op",5,1000-1500
"com.database.benchmark.DatabaseBenchmarkApplicationTests.findOrdersLineBetweenIdsWithOrdersAndPizzaR2DBC:findOrdersLineBetweenIdsWithOrdersAndPizzaR2DBC·p0.90","sample",1,1,"72,207565",NaN,"ms/op",5,1000-1500
"com.database.benchmark.DatabaseBenchmarkApplicationTests.findOrdersLineBetweenIdsWithOrdersAndPizzaR2DBC:findOrdersLineBetweenIdsWithOrdersAndPizzaR2DBC·p0.95","sample",1,1,"73,662464",NaN,"ms/op",5,1000-1500
"com.database.benchmark.DatabaseBenchmarkApplicationTests.findOrdersLineBetweenIdsWithOrdersAndPizzaR2DBC:findOrdersLineBetweenIdsWithOrdersAndPizzaR2DBC·p0.99","sample",1,1,"77,959004",NaN,"ms/op",5,1000-1500
"com.database.benchmark.DatabaseBenchmarkApplicationTests.findOrdersLineBetweenIdsWithOrdersAndPizzaR2DBC:findOrdersLineBetweenIdsWithOrdersAndPizzaR2DBC·p0.999","sample",1,1,"83,230720",NaN,"ms/op",5,1000-1500
"com.database.benchmark.DatabaseBenchmarkApplicationTests.findOrdersLineBetweenIdsWithOrdersAndPizzaR2DBC:findOrdersLineBetweenIdsWithOrdersAndPizzaR2DBC·p0.9999","sample",1,1,"83,230720",NaN,"ms/op",5,1000-1500
"com.database.benchmark.DatabaseBenchmarkApplicationTests.findOrdersLineBetweenIdsWithOrdersAndPizzaR2DBC:findOrdersLineBetweenIdsWithOrdersAndPizzaR2DBC·p1.00","sample",1,1,"83,230720",NaN,"ms/op",5,1000-1500
"com.database.benchmark.DatabaseBenchmarkApplicationTests.findOrdersLineBetweenIdsWithOrdersAndPizzaR2DBC","sample",1,205,"98,056562","1,318295","ms/op",5,10000-11000
"com.database.benchmark.DatabaseBenchmarkApplicationTests.findOrdersLineBetweenIdsWithOrdersAndPizzaR2DBC:findOrdersLineBetweenIdsWithOrdersAndPizzaR2DBC·p0.00","sample",1,1,"77,463552",NaN,"ms/op",5,10000-11000
"com.database.benchmark.DatabaseBenchmarkApplicationTests.findOrdersLineBetweenIdsWithOrdersAndPizzaR2DBC:findOrdersLineBetweenIdsWithOrdersAndPizzaR2DBC·p0.50","sample",1,1,"98,435072",NaN,"ms/op",5,10000-11000
"com.database.benchmark.DatabaseBenchmarkApplicationTests.findOrdersLineBetweenIdsWithOrdersAndPizzaR2DBC:findOrdersLineBetweenIdsWithOrdersAndPizzaR2DBC·p0.90","sample",1,1,"104,464384",NaN,"ms/op",5,10000-11000
"com.database.benchmark.DatabaseBenchmarkApplicationTests.findOrdersLineBetweenIdsWithOrdersAndPizzaR2DBC:findOrdersLineBetweenIdsWithOrdersAndPizzaR2DBC·p0.95","sample",1,1,"107,361075",NaN,"ms/op",5,10000-11000
"com.database.benchmark.DatabaseBenchmarkApplicationTests.findOrdersLineBetweenIdsWithOrdersAndPizzaR2DBC:findOrdersLineBetweenIdsWithOrdersAndPizzaR2DBC·p0.99","sample",1,1,"111,634022",NaN,"ms/op",5,10000-11000
"com.database.benchmark.DatabaseBenchmarkApplicationTests.findOrdersLineBetweenIdsWithOrdersAndPizzaR2DBC:findOrdersLineBetweenIdsWithOrdersAndPizzaR2DBC·p0.999","sample",1,1,"111,935488",NaN,"ms/op",5,10000-11000
"com.database.benchmark.DatabaseBenchmarkApplicationTests.findOrdersLineBetweenIdsWithOrdersAndPizzaR2DBC:findOrdersLineBetweenIdsWithOrdersAndPizzaR2DBC·p0.9999","sample",1,1,"111,935488",NaN,"ms/op",5,10000-11000
"com.database.benchmark.DatabaseBenchmarkApplicationTests.findOrdersLineBetweenIdsWithOrdersAndPizzaR2DBC:findOrdersLineBetweenIdsWithOrdersAndPizzaR2DBC·p1.00","sample",1,1,"111,935488",NaN,"ms/op",5,10000-11000
"com.database.benchmark.DatabaseBenchmarkApplicationTests.findOrdersLineBetweenIdsWithOrdersAndPizzaR2DBC","sample",1,129,"156,624944","2,502316","ms/op",5,100000-102000
"com.database.benchmark.DatabaseBenchmarkApplicationTests.findOrdersLineBetweenIdsWithOrdersAndPizzaR2DBC:findOrdersLineBetweenIdsWithOrdersAndPizzaR2DBC·p0.00","sample",1,1,"133,824512",NaN,"ms/op",5,100000-102000
"com.database.benchmark.DatabaseBenchmarkApplicationTests.findOrdersLineBetweenIdsWithOrdersAndPizzaR2DBC:findOrdersLineBetweenIdsWithOrdersAndPizzaR2DBC·p0.50","sample",1,1,"156,762112",NaN,"ms/op",5,100000-102000
"com.database.benchmark.DatabaseBenchmarkApplicationTests.findOrdersLineBetweenIdsWithOrdersAndPizzaR2DBC:findOrdersLineBetweenIdsWithOrdersAndPizzaR2DBC·p0.90","sample",1,1,"166,985728",NaN,"ms/op",5,100000-102000
"com.database.benchmark.DatabaseBenchmarkApplicationTests.findOrdersLineBetweenIdsWithOrdersAndPizzaR2DBC:findOrdersLineBetweenIdsWithOrdersAndPizzaR2DBC·p0.95","sample",1,1,"171,966464",NaN,"ms/op",5,100000-102000
"com.database.benchmark.DatabaseBenchmarkApplicationTests.findOrdersLineBetweenIdsWithOrdersAndPizzaR2DBC:findOrdersLineBetweenIdsWithOrdersAndPizzaR2DBC·p0.99","sample",1,1,"178,441421",NaN,"ms/op",5,100000-102000
"com.database.benchmark.DatabaseBenchmarkApplicationTests.findOrdersLineBetweenIdsWithOrdersAndPizzaR2DBC:findOrdersLineBetweenIdsWithOrdersAndPizzaR2DBC·p0.999","sample",1,1,"179,306496",NaN,"ms/op",5,100000-102000
"com.database.benchmark.DatabaseBenchmarkApplicationTests.findOrdersLineBetweenIdsWithOrdersAndPizzaR2DBC:findOrdersLineBetweenIdsWithOrdersAndPizzaR2DBC·p0.9999","sample",1,1,"179,306496",NaN,"ms/op",5,100000-102000
"com.database.benchmark.DatabaseBenchmarkApplicationTests.findOrdersLineBetweenIdsWithOrdersAndPizzaR2DBC:findOrdersLineBetweenIdsWithOrdersAndPizzaR2DBC·p1.00","sample",1,1,"179,306496",NaN,"ms/op",5,100000-102000
"com.database.benchmark.DatabaseBenchmarkApplicationTests.findOrdersLineBetweenIdsWithOrdersAndPizzaJDBC","ss",1,2,"13,245602",NaN,"ms/op",2,100-250
"com.database.benchmark.DatabaseBenchmarkApplicationTests.findOrdersLineBetweenIdsWithOrdersAndPizzaJDBC","ss",1,2,"16,278057",NaN,"ms/op",2,1000-1500
"com.database.benchmark.DatabaseBenchmarkApplicationTests.findOrdersLineBetweenIdsWithOrdersAndPizzaJDBC","ss",1,2,"18,812444",NaN,"ms/op",2,10000-11000
"com.database.benchmark.DatabaseBenchmarkApplicationTests.findOrdersLineBetweenIdsWithOrdersAndPizzaJDBC","ss",1,2,"22,559504",NaN,"ms/op",2,100000-102000
"com.database.benchmark.DatabaseBenchmarkApplicationTests.findOrdersLineBetweenIdsWithOrdersAndPizzaJDBC","ss",1,2,"22,665605",NaN,"ms/op",5,100-250
"com.database.benchmark.DatabaseBenchmarkApplicationTests.findOrdersLineBetweenIdsWithOrdersAndPizzaJDBC","ss",1,2,"32,117320",NaN,"ms/op",5,1000-1500
"com.database.benchmark.DatabaseBenchmarkApplicationTests.findOrdersLineBetweenIdsWithOrdersAndPizzaJDBC","ss",1,2,"37,008967",NaN,"ms/op",5,10000-11000
"com.database.benchmark.DatabaseBenchmarkApplicationTests.findOrdersLineBetweenIdsWithOrdersAndPizzaJDBC","ss",1,2,"55,079137",NaN,"ms/op",5,100000-102000
"com.database.benchmark.DatabaseBenchmarkApplicationTests.findOrdersLineBetweenIdsWithOrdersAndPizzaJOOQ","ss",1,2,"69,133518",NaN,"ms/op",2,100-250
"com.database.benchmark.DatabaseBenchmarkApplicationTests.findOrdersLineBetweenIdsWithOrdersAndPizzaJOOQ","ss",1,2,"106,554651",NaN,"ms/op",2,1000-1500
"com.database.benchmark.DatabaseBenchmarkApplicationTests.findOrdersLineBetweenIdsWithOrdersAndPizzaJOOQ","ss",1,2,"154,866122",NaN,"ms/op",2,10000-11000
"com.database.benchmark.DatabaseBenchmarkApplicationTests.findOrdersLineBetweenIdsWithOrdersAndPizzaJOOQ","ss",1,2,"41,851368",NaN,"ms/op",2,100000-102000
"com.database.benchmark.DatabaseBenchmarkApplicationTests.findOrdersLineBetweenIdsWithOrdersAndPizzaJOOQ","ss",1,2,"181,430220",NaN,"ms/op",5,100-250
"com.database.benchmark.DatabaseBenchmarkApplicationTests.findOrdersLineBetweenIdsWithOrdersAndPizzaJOOQ","ss",1,2,"265,745934",NaN,"ms/op",5,1000-1500
"com.database.benchmark.DatabaseBenchmarkApplicationTests.findOrdersLineBetweenIdsWithOrdersAndPizzaJOOQ","ss",1,2,"384,929062",NaN,"ms/op",5,10000-11000
"com.database.benchmark.DatabaseBenchmarkApplicationTests.findOrdersLineBetweenIdsWithOrdersAndPizzaJOOQ","ss",1,2,"104,272619",NaN,"ms/op",5,100000-102000
"com.database.benchmark.DatabaseBenchmarkApplicationTests.findOrdersLineBetweenIdsWithOrdersAndPizzaJPA","ss",1,2,"13,193191",NaN,"ms/op",2,100-250
"com.database.benchmark.DatabaseBenchmarkApplicationTests.findOrdersLineBetweenIdsWithOrdersAndPizzaJPA","ss",1,2,"21,978188",NaN,"ms/op",2,1000-1500
"com.database.benchmark.DatabaseBenchmarkApplicationTests.findOrdersLineBetweenIdsWithOrdersAndPizzaJPA","ss",1,2,"31,778630",NaN,"ms/op",2,10000-11000
"com.database.benchmark.DatabaseBenchmarkApplicationTests.findOrdersLineBetweenIdsWithOrdersAndPizzaJPA","ss",1,2,"45,506435",NaN,"ms/op",2,100000-102000
"com.database.benchmark.DatabaseBenchmarkApplicationTests.findOrdersLineBetweenIdsWithOrdersAndPizzaJPA","ss",1,2,"22,105038",NaN,"ms/op",5,100-250
"com.database.benchmark.DatabaseBenchmarkApplicationTests.findOrdersLineBetweenIdsWithOrdersAndPizzaJPA","ss",1,2,"39,304061",NaN,"ms/op",5,1000-1500
"com.database.benchmark.DatabaseBenchmarkApplicationTests.findOrdersLineBetweenIdsWithOrdersAndPizzaJPA","ss",1,2,"78,554538",NaN,"ms/op",5,10000-11000
"com.database.benchmark.DatabaseBenchmarkApplicationTests.findOrdersLineBetweenIdsWithOrdersAndPizzaJPA","ss",1,2,"104,031638",NaN,"ms/op",5,100000-102000
"com.database.benchmark.DatabaseBenchmarkApplicationTests.findOrdersLineBetweenIdsWithOrdersAndPizzaR2DBC","ss",1,2,"17,373665",NaN,"ms/op",2,100-250
"com.database.benchmark.DatabaseBenchmarkApplicationTests.findOrdersLineBetweenIdsWithOrdersAndPizzaR2DBC","ss",1,2,"30,041027",NaN,"ms/op",2,1000-1500
"com.database.benchmark.DatabaseBenchmarkApplicationTests.findOrdersLineBetweenIdsWithOrdersAndPizzaR2DBC","ss",1,2,"42,316510",NaN,"ms/op",2,10000-11000
"com.database.benchmark.DatabaseBenchmarkApplicationTests.findOrdersLineBetweenIdsWithOrdersAndPizzaR2DBC","ss",1,2,"56,604818",NaN,"ms/op",2,100000-102000
"com.database.benchmark.DatabaseBenchmarkApplicationTests.findOrdersLineBetweenIdsWithOrdersAndPizzaR2DBC","ss",1,2,"48,645262",NaN,"ms/op",5,100-250
"com.database.benchmark.DatabaseBenchmarkApplicationTests.findOrdersLineBetweenIdsWithOrdersAndPizzaR2DBC","ss",1,2,"68,110111",NaN,"ms/op",5,1000-1500
"com.database.benchmark.DatabaseBenchmarkApplicationTests.findOrdersLineBetweenIdsWithOrdersAndPizzaR2DBC","ss",1,2,"107,408791",NaN,"ms/op",5,10000-11000
"com.database.benchmark.DatabaseBenchmarkApplicationTests.findOrdersLineBetweenIdsWithOrdersAndPizzaR2DBC","ss",1,2,"156,050584",NaN,"ms/op",5,100000-102000
